Date,Open,High,Low,Close
15-12-2011,154.74,154.949997,151.710007,152.330002
16-12-2011,154.31,155.369995,153.899994,155.229996
19-12-2011,155.48,155.860001,154.360001,154.869995
20-12-2011,156.82,157.429993,156.580002,156.979996
21-12-2011,156.98,157.529999,156.130005,157.160004
22-12-2011,156.35,156.800003,155.330002,156.039993
23-12-2011,156.35,156.490005,155.820007,156.309998
27-12-2011,155.08,155.550003,154.539993,154.910004
28-12-2011,154.05,154.259995,150.660004,151.029999
29-12-2011,149.09,150.720001,148.270004,150.339996
30-12-2011,152.14,153.75,151.789993,151.990005
03-01-2012,154.76,156.300003,154.550003,155.919998
04-01-2012,155.43,157.380005,155.339996,156.710007
05-01-2012,155.37,158.029999,155.25,157.779999
06-01-2012,158.59,158.630005,156.380005,157.199997
09-01-2012,157.36,157.589996,156.190002,156.5
10-01-2012,158.97,159.470001,158.470001,158.639999
11-01-2012,159.34,160.050003,158.910004,159.669998
12-01-2012,161.02,161.619995,159.830002,160.380005
13-01-2012,159.32,159.589996,158.009995,159.259995
17-01-2012,161.17,161.649994,160.419998,160.5
18-01-2012,159.94,161.639999,159.679993,161.600006
19-01-2012,160.96,161.449997,160.330002,161.220001
20-01-2012,160.50,162.089996,160,162.070007
23-01-2012,162.32,163.470001,162.320007,163.160004
24-01-2012,161.81,162.369995,161.529999,162.009995
25-01-2012,161.07,166.550003,160.289993,166.419998
27-01-2012,167.44,169,167.410004,168.970001
30-01-2012,168.19,168.539993,167.740005,168.029999
31-01-2012,169.77,169.860001,167.720001,169.309998
01-02-2012,169.75,170.179993,169.080002,169.559998
02-02-2012,169.96,171.229996,169.679993,171.050003
03-02-2012,169.88,170.139999,167.509995,167.639999
06-02-2012,166.96,167.679993,166.610001,167.179993
07-02-2012,167.38,170.089996,167.149994,169.699997
08-02-2012,169.26,169.960007,167.5,168.5
09-02-2012,170.01,170.369995,167.669998,168.020004
10-02-2012,166.49,167.639999,166.330002,167.139999
13-02-2012,167.33,167.940002,166.740005,167.509995
14-02-2012,167.65,167.929993,166.419998,167.119995
15-02-2012,168.63,168.75,167.190002,168.110001
16-02-2012,166.33,168.139999,166.169998,168
17-02-2012,168.29,168.330002,166.869995,167.350006
21-02-2012,169.65,171.070007,169.589996,171.020004
22-02-2012,170.40,173.169998,170.190002,172.940002
23-02-2012,172.69,173.770004,172.279999,173.020004
24-02-2012,172.63,173.039993,172,172.229996
27-02-2012,172.14,172.919998,171.580002,171.699997
28-02-2012,172.84,174,172.600006,173.490005
29-02-2012,173.19,173.589996,164,164.289993
01-03-2012,166.10,167.720001,165.75,166.610001
02-03-2012,166.23,166.830002,165.630005,166.339996
05-03-2012,165.77,165.910004,164.550003,165.649994
06-03-2012,162.15,162.809998,161.779999,162.699997
07-03-2012,162.76,164.020004,162.509995,163.630005
08-03-2012,164.74,165.550003,164.050003,165.279999
09-03-2012,163.64,166.570007,163.25,166.380005
12-03-2012,165.33,165.580002,164.399994,165.070007
13-03-2012,163.94,165.410004,161.429993,162.300003
14-03-2012,159.61,160.580002,158.800003,159.570007
15-03-2012,159.73,161.979996,159.279999,161.080002
16-03-2012,160.08,161.539993,159.919998,161.300003
19-03-2012,160.85,162.300003,160.720001,161.589996
20-03-2012,160.20,161.080002,159.770004,160.130005
21-03-2012,160.63,161.479996,160.149994,160.210007
22-03-2012,158.20,159.710007,158.130005,159.570007
23-03-2012,160.88,161.880005,160.520004,161.529999
26-03-2012,163.17,164.539993,162.949997,164.399994
27-03-2012,164.52,164.889999,163.130005,163.240005
28-03-2012,162.71,162.979996,160.660004,161.509995
29-03-2012,161.14,161.460007,159.809998,161.279999
30-03-2012,161.67,162.330002,161.220001,162.119995
02-04-2012,161.96,163.559998,161.809998,162.940002
03-04-2012,163.23,163.229996,159.169998,159.889999
04-04-2012,157.70,158.029999,156.580002,157.210007
05-04-2012,157.87,158.679993,157.779999,158.309998
09-04-2012,159.72,160.009995,158.910004,159.369995
10-04-2012,159.66,161.580002,158.470001,161.100006
11-04-2012,161.20,161.539993,160.740005,161.070007
12-04-2012,160.74,163.199997,160.460007,162.699997
13-04-2012,162.45,162.460007,160.169998,160.850006
16-04-2012,160.51,161.179993,159.529999,160.460007
17-04-2012,160.54,160.960007,158.75,160.25
18-04-2012,159.49,160.119995,159.070007,159.309998
19-04-2012,160.00,160.639999,159.020004,159.429993
20-04-2012,159.25,159.910004,159.199997,159.539993
23-04-2012,158.20,159.179993,157.880005,159.070007
24-04-2012,159.63,160.179993,159.289993,159.300003
25-04-2012,159.48,159.960007,157.759995,159.619995
26-04-2012,160.46,161.380005,160.100006,161.029999
27-04-2012,161.78,161.970001,161.149994,161.380005
30-04-2012,160.49,161.880005,160.309998,161.880005
01-05-2012,162.09,162.179993,160.889999,161.320007
02-05-2012,160.74,160.779999,159.759995,160.589996
03-05-2012,159.16,159.479996,158.369995,158.970001
04-05-2012,158.82,159.979996,158.570007,159.470001
07-05-2012,159.31,159.339996,158.449997,159.080002
08-05-2012,156.61,156.729996,154.919998,156
09-05-2012,154.10,154.979996,153.600006,154.470001
10-05-2012,155.16,155.570007,154.639999,154.770004
11-05-2012,153.44,154.470001,153.240005,153.559998
14-05-2012,151.58,152.029999,151,151.330002
15-05-2012,151.16,151.440002,149.630005,149.740005
16-05-2012,149.48,150.699997,148.600006,149.460007
17-05-2012,150.83,153.399994,150.380005,152.800003
18-05-2012,154.46,155.130005,153.970001,154.550003
21-05-2012,154.11,154.949997,153.860001,154.649994
22-05-2012,153.59,154.419998,151.550003,152.080002
23-05-2012,151.50,151.839996,148.839996,151.619995
24-05-2012,152.71,152.910004,150.619995,151.410004
25-05-2012,151.89,152.850006,151.630005,152.679993
29-05-2012,153.47,153.619995,150.25,151.020004
30-05-2012,149.74,152.380005,148.529999,151.910004
31-05-2012,152.03,152.710007,150.619995,151.619995
01-06-2012,155.41,158.309998,154.869995,157.5
04-06-2012,157.26,157.440002,156.160004,157.320007
05-06-2012,156.92,157.270004,156.419998,157.139999
06-06-2012,158.90,159.199997,156.589996,157.210007
07-06-2012,157.82,157.839996,153.190002,154.5
08-06-2012,153.02,154.830002,153,154.729996
11-06-2012,154.83,155.399994,153.550003,155.360001
12-06-2012,155.49,157.039993,155.449997,156.460007
13-06-2012,157.61,157.649994,156.419998,157.119995
14-06-2012,157.64,157.940002,156.240005,157.75
15-06-2012,157.75,158.460007,157.419998,157.839996
18-06-2012,157.46,158.210007,156.539993,157.929993
19-06-2012,158.00,158.139999,156.970001,157.160004
20-06-2012,156.00,157.369995,154.259995,155.970001
21-06-2012,153.73,154.229996,151.800003,152.020004
22-06-2012,152.04,152.699997,151.210007,152.639999
25-06-2012,152.58,154.160004,152.25,153.759995
26-06-2012,153.03,153.300003,152.130005,152.619995
27-06-2012,153.30,153.449997,152.149994,152.830002
28-06-2012,151.90,152.160004,150.149994,151.050003
29-06-2012,155.13,155.949997,154.520004,155.190002
02-07-2012,154.67,155.550003,154.339996,155.089996
03-07-2012,156.97,157.720001,156.770004,157.460007
05-07-2012,155.44,156.399994,154.449997,155.679993
06-07-2012,154.23,154.490005,152.949997,153.710007
09-07-2012,153.61,154.580002,153.429993,154.039993
10-07-2012,155.13,155.179993,151.779999,152.149994
11-07-2012,152.58,153.449997,152.020004,152.990005
12-07-2012,151.26,153.070007,150.850006,152.589996
13-07-2012,153.45,154.940002,153.440002,154.139999
16-07-2012,154.43,154.75,153.979996,154.210007
17-07-2012,154.01,154.5,152.449997,153.470001
18-07-2012,152.67,153.600006,152.399994,153.050003
19-07-2012,153.73,154.320007,152.929993,153.380005
20-07-2012,152.97,154,152.75,153.669998
23-07-2012,152.50,153.330002,152.289993,153.029999
24-07-2012,153.63,153.800003,152.199997,153.520004
25-07-2012,155.33,156.289993,155.050003,155.669998
26-07-2012,156.70,157.259995,156.050003,156.770004
27-07-2012,157.64,157.960007,156.660004,157.539993
30-07-2012,156.84,157.660004,154.809998,157.429993
31-07-2012,157.60,157.720001,156.259995,156.490005
01-08-2012,155.18,155.789993,154.410004,155.139999
02-08-2012,154.66,155.139999,153.610001,154.130005
03-08-2012,154.65,155.889999,154.419998,155.550003
06-08-2012,155.92,156.729996,155.740005,156.300003
07-08-2012,156.37,156.630005,156.009995,156.279999
08-08-2012,156.49,156.860001,156.259995,156.479996
09-08-2012,156.36,157,156.279999,156.990005
10-08-2012,156.90,157.820007,156.649994,157.179993
13-08-2012,157.05,157.449997,155.899994,155.990005
14-08-2012,155.06,155.580002,154.830002,155.130005
16-08-2012,155.85,157.089996,155.5,156.559998
17-08-2012,157.06,157.070007,156.220001,156.720001
20-08-2012,156.52,157.399994,156.470001,157.259995
21-08-2012,158.81,159.199997,158.690002,158.830002
22-08-2012,159.19,160.630005,158.509995,160.539993
23-08-2012,161.41,162.449997,161.229996,161.889999
24-08-2012,161.87,162.350006,161.330002,161.970001
27-08-2012,161.77,162.289993,161.339996,161.360001
28-08-2012,161.63,162.190002,161.300003,161.639999
29-08-2012,161.60,161.679993,160.179993,160.589996
30-08-2012,161.26,161.309998,160.009995,160.520004
31-08-2012,161.14,164.220001,159.559998,164.220001
04-09-2012,164.11,164.770004,163.660004,164.479996
05-09-2012,164.12,164.389999,163.809998,164.309998
06-09-2012,165.16,165.779999,164.800003,164.889999
07-09-2012,167.77,169,167.369995,168.440002
10-09-2012,167.84,168.139999,167.229996,167.289993
11-09-2012,168.22,168.529999,167.789993,167.899994
12-09-2012,168.84,168.869995,167.25,167.919998
13-09-2012,167.87,171.910004,166.300003,171.309998
14-09-2012,171.89,172.229996,171.309998,171.800003
17-09-2012,171.77,171.960007,170.059998,170.399994
18-09-2012,170.81,171.949997,170.669998,171.720001
19-09-2012,171.88,172.029999,171.190002,171.740005
20-09-2012,171.03,171.690002,170.229996,171.470001
21-09-2012,172.93,173.179993,171.539993,171.960007
24-09-2012,170.63,171.389999,170.570007,171.050003
25-09-2012,171.76,172.110001,170.5,170.770004
26-09-2012,169.46,170.050003,168.339996,169.809998
27-09-2012,171.02,172.600006,170.759995,172.339996
28-09-2012,172.03,172.479996,171.339996,171.889999
01-10-2012,172.83,173.619995,171.770004,172.289993
03-10-2012,172.51,172.610001,171.889999,172.410004
04-10-2012,173.20,174.070007,172.919998,173.610001
05-10-2012,172.87,173.369995,172.009995,172.619995
09-10-2012,171.86,172.169998,170.559998,170.990005
10-10-2012,170.54,171.339996,170.300003,170.839996
11-10-2012,171.30,171.949997,171.130005,171.320007
12-10-2012,171.15,171.410004,169.809998,170.059998
15-10-2012,169.01,169.100006,167.529999,168.350006
16-10-2012,168.87,169.449997,168.669998,169.419998
17-10-2012,169.21,169.949997,168.919998,169.539993
18-10-2012,168.80,169.309998,168.589996,168.789993
19-10-2012,168.42,168.449997,166.229996,166.970001
22-10-2012,167.08,167.630005,167.029999,167.580002
23-10-2012,166.04,166.059998,165.119995,165.429993
24-10-2012,165.78,165.830002,164.600006,164.860001
25-10-2012,166.29,166.529999,165.770004,166.020004
26-10-2012,166.23,166.600006,165.770004,165.929993
31-10-2012,166.47,167.279999,166.380005,166.830002
01-11-2012,167.02,167.039993,166.039993,166.070007
02-11-2012,164.45,164.470001,162.300003,162.600006
05-11-2012,163.12,163.419998,162.809998,163.229996
06-11-2012,163.91,166.770004,163.610001,166.300003
07-11-2012,166.87,167.130005,165.039993,166.490005
08-11-2012,166.14,168.160004,166.119995,167.990005
09-11-2012,168.21,168.539993,167.550003,167.820007
13-11-2012,166.66,167.940002,166.630005,167.100006
14-11-2012,167.46,168.039993,166.779999,167.139999
15-11-2012,167.00,167.050003,165.179993,166.089996
16-11-2012,165.74,166.360001,165.470001,165.880005
19-11-2012,167.75,168.160004,167.380005,167.869995
20-11-2012,167.75,168.020004,166.839996,167.389999
21-11-2012,167.19,167.820007,166.970001,167.559998
23-11-2012,167.97,170.009995,167.800003,169.610001
26-11-2012,169.56,169.729996,169.25,169.429993
27-11-2012,169.14,169.399994,168.619995,168.710007
28-11-2012,165.43,166.839996,165.380005,166.550003
29-11-2012,167.14,167.5,166.850006,167.179993
30-11-2012,166.94,167.220001,165.529999,166.050003
03-12-2012,166.11,166.919998,166.039993,166.130005
04-12-2012,164.06,164.830002,163.869995,164.419998
05-12-2012,164.22,164.5,163.199997,164.119995
06-12-2012,163.72,165,163.529999,164.5
07-12-2012,164.88,165.220001,164.600006,165.160004
10-12-2012,166.11,166.160004,165.710007,165.800003
11-12-2012,165.45,165.660004,165.119995,165.649994
12-12-2012,166.20,166.940002,165.360001,165.770004
13-12-2012,163.87,164.899994,163.779999,164.369995
14-12-2012,164.17,164.479996,164.020004,164.130005
17-12-2012,164.16,164.619995,164.130005,164.440002
18-12-2012,164.35,164.429993,160.899994,162.080002
19-12-2012,161.31,162.220001,161.110001,161.690002
20-12-2012,159.87,160.119995,158.389999,159.729996
21-12-2012,159.82,160.759995,159.779999,160.330002
24-12-2012,160.88,160.960007,160.470001,160.619995
26-12-2012,161.36,161.490005,160.639999,160.779999
27-12-2012,160.23,161.309998,160.050003,161.160004
28-12-2012,160.94,160.970001,160.149994,160.539993
31-12-2012,160.90,162.75,160.770004,162.020004
02-01-2013,163.49,164.139999,163.139999,163.169998
03-01-2013,162.48,162.880005,160.830002,161.199997
04-01-2013,159.52,160.630005,158.889999,160.440002
07-01-2013,159.36,159.960007,159.149994,159.429993
08-01-2013,160.46,160.990005,160.009995,160.559998
09-01-2013,160.77,160.830002,159.899994,160.490005
10-01-2013,161.61,162.559998,161.610001,161.979996
11-01-2013,161.86,161.899994,160.110001,161.059998
14-01-2013,161.88,161.970001,161.130005,161.539993
15-01-2013,162.80,163.169998,162.350006,162.559998
16-01-2013,162.42,163.029999,162.149994,162.649994
17-01-2013,161.94,164.399994,161.830002,163.350006
18-01-2013,163.95,163.970001,163.020004,163.089996
22-01-2013,163.48,164.220001,163.369995,163.669998
23-01-2013,163.92,163.949997,163,163.210007
24-01-2013,161.98,162.270004,161.179993,161.419998
25-01-2013,160.56,161.039993,160.309998,160.649994
28-01-2013,160.24,160.729996,160.020004,160.289993
29-01-2013,161.01,161.309998,160.690002,160.990005
30-01-2013,162.68,163.039993,162.029999,162.190002
31-01-2013,161.62,161.809998,160.470001,161.199997
01-02-2013,162.66,162.770004,160.869995,161.449997
04-02-2013,161.19,162.419998,161.149994,162
05-02-2013,162.75,162.789993,161.330002,161.960007
06-02-2013,162.13,162.630005,161.990005,162.389999
07-02-2013,161.24,162.960007,161.130005,161.839996
08-02-2013,161.46,162.020004,161.199997,161.570007
11-02-2013,159.78,159.979996,159.25,159.699997
12-02-2013,159.35,160.050003,158.880005,159.889999
13-02-2013,159.60,159.639999,158.770004,159.050003
14-02-2013,159.31,159.649994,158.039993,158.350006
15-02-2013,156.42,156.580002,154.559998,155.759995
19-02-2013,155.80,155.839996,154.929993,155.330002
20-02-2013,153.90,153.929993,150.839996,151.440002
21-02-2013,152.00,153.410004,151.899994,152.619995
22-02-2013,152.26,152.990005,151.929993,152.970001
25-02-2013,153.52,154.559998,153.309998,154.339996
26-02-2013,154.39,156.800003,153.320007,156.220001
27-02-2013,155.46,155.600006,154.080002,154.570007
28-02-2013,154.09,154.160004,152.389999,153
01-03-2013,153.16,153.610001,152.139999,152.440002
04-03-2013,152.45,152.740005,151.869995,152.300003
05-03-2013,153.10,153.389999,152.110001,152.380005
06-03-2013,152.17,153.380005,151.649994,153.229996
07-03-2013,153.02,153.210007,152.399994,152.690002
08-03-2013,151.61,153.289993,151.399994,152.710007
11-03-2013,152.82,153.059998,152.649994,152.990005
12-03-2013,154.07,154.690002,153.899994,154.190002
13-03-2013,154.26,154.600006,153.419998,153.660004
14-03-2013,153.02,154.169998,153.009995,153.679993
15-03-2013,154.12,154.720001,153.970001,154
18-03-2013,155.70,155.929993,155,155.380005
19-03-2013,155.22,156.339996,155.100006,156.080002
20-03-2013,155.53,155.830002,154.880005,155.369995
21-03-2013,156.17,156.429993,155.880005,156.25
22-03-2013,155.45,155.990005,155.419998,155.550003
25-03-2013,154.71,155.570007,154.360001,155.240005
26-03-2013,154.47,154.910004,154.279999,154.720001
27-03-2013,154.67,155.619995,154.509995,155.360001
28-03-2013,154.50,154.800003,154.220001,154.449997
01-04-2013,154.57,154.929993,154.300003,154.669998
02-04-2013,153.09,153.309998,152.259995,152.429993
03-04-2013,152.02,152.529999,149.919998,150.729996
04-04-2013,149.65,150.600006,149.440002,150.289993
05-04-2013,151.54,152.960007,151.070007,152.809998
08-04-2013,152.39,152.589996,151.600006,152.160004
09-04-2013,152.32,153.850006,152.279999,153.339996
10-04-2013,152.67,152.710007,150.580002,150.75
11-04-2013,150.76,151.710007,150.630005,151.050003
12-04-2013,148.65,148.850006,143.429993,143.949997
15-04-2013,136.00,136.75,130.509995,131.309998
01-05-2013,140.59,141.550003,139.300003,141.110001
02-05-2013,142.00,142.470001,141.639999,141.919998
03-05-2013,141.70,142.710007,141.399994,142.089996
06-05-2013,142.33,142.460007,141.630005,142.149994
07-05-2013,140.38,140.639999,139.369995,140.380005
08-05-2013,141.78,142.809998,141.490005,142.460007
09-05-2013,141.33,142.360001,140.509995,140.809998
10-05-2013,138.22,139.75,137.259995,139.600006
13-05-2013,138.46,138.970001,138.160004,138.429993
14-05-2013,137.95,139.160004,137.639999,137.809998
15-05-2013,136.59,136.979996,134.229996,134.630005
16-05-2013,133.18,134.479996,133,134.089996
17-05-2013,133.17,133.479996,131.020004,131.070007
20-05-2013,130.88,135.320007,130.850006,135.119995
21-05-2013,132.17,133.649994,131.449997,132.880005
22-05-2013,134.18,136.770004,130.949997,131.940002
23-05-2013,134.51,134.839996,133.119995,134.610001
24-05-2013,134.11,134.509995,133.639999,133.759995
28-05-2013,133.68,135.570007,132.800003,133.490005
29-05-2013,134.09,134.910004,133.639999,134.830002
30-05-2013,136.67,137.110001,136.259995,136.699997
31-05-2013,135.71,136.050003,133.889999,133.919998
03-06-2013,134.77,136.979996,134.429993,136.509995
04-06-2013,135.21,135.440002,134.270004,135.229996
05-06-2013,135.47,136.369995,135.009995,135.520004
06-06-2013,135.39,137.619995,134.979996,136.529999
07-06-2013,134.11,134.619995,133.179993,133.279999
10-06-2013,133.30,134.279999,132.990005,133.940002
11-06-2013,132.31,133.509995,132.240005,133.25
12-06-2013,132.95,134.830002,132.830002,134.25
13-06-2013,133.31,134.199997,132.820007,133.740005
14-06-2013,134.00,134.600006,133.880005,134.429993
17-06-2013,133.89,134.059998,133.520004,133.770004
18-06-2013,132.72,132.960007,131.529999,132.130005
19-06-2013,132.58,133.149994,130.380005,130.589996
20-06-2013,125.22,126.379997,123.330002,123.599998
21-06-2013,125.16,125.57,124.459999,125.050003
24-06-2013,124.31,124.699997,123.309998,123.93
25-06-2013,123.65,123.900002,122.879997,123.470001
01-07-2013,119.94,121.949997,119.379997,121.129997
02-07-2013,121.34,121.470001,119.779999,120.050003
03-07-2013,120.70,121.769997,120.540001,120.739998
05-07-2013,118.08,118.18,116.739998,118.089996
08-07-2013,119.09,119.660004,118.93,119.510002
09-07-2013,120.84,121.510002,120.050003,120.620003
10-07-2013,121.15,122.349998,120.589996,120.949997
11-07-2013,124.26,124.360001,123.470001,124.239998
12-07-2013,123.52,124.300003,123.32,124.129997
15-07-2013,124.08,124.389999,123.839996,124.18
16-07-2013,124.76,125.209999,124.330002,124.889999
17-07-2013,125.04,125.699997,122.730003,123.32
18-07-2013,124.11,124.519997,123.779999,124.010002
19-07-2013,124.89,125.419998,124.650002,125.110001
22-07-2013,127.65,129.460007,127.589996,128.839996
23-07-2013,128.70,130.139999,128.350006,129.710007
24-07-2013,129.17,129.399994,126.870003,127.480003
25-07-2013,127.70,128.869995,127.639999,128.669998
26-07-2013,128.11,128.970001,126.779999,128.779999
29-07-2013,128.45,128.779999,128.25,128.470001
30-07-2013,127.95,128.309998,127.220001,128.119995
01-08-2013,127.84,127.889999,126.330002,126.610001
02-08-2013,126.74,127.25,126.32,126.360001
05-08-2013,126.51,126.639999,125.339996,125.699997
06-08-2013,124.33,124.550003,123.550003,123.970001
07-08-2013,124.00,124.599998,123.849998,124.150002
08-08-2013,124.78,126.989998,124.769997,126.860001
09-08-2013,126.51,127.269997,126.300003,126.860001
12-08-2013,129.57,129.710007,128.880005,129.130005
13-08-2013,128.49,128.649994,127.379997,127.739998
14-08-2013,127.66,129.070007,127.57,129
16-08-2013,132.56,133.270004,131.389999,132.580002
19-08-2013,132.33,132.5,131.589996,132.009995
20-08-2013,132.03,133.130005,132.020004,132.449997
21-08-2013,131.74,133.229996,131.509995,132.070007
22-08-2013,132.56,133.460007,132.270004,132.809998
23-08-2013,132.58,135.240005,132.5,134.899994
26-08-2013,134.88,135.600006,134.149994,135.449997
27-08-2013,136.94,137.550003,136.520004,136.75
28-08-2013,137.21,137.460007,136.660004,136.710007
29-08-2013,136.12,136.550003,135.419998,135.869995
30-08-2013,134.65,135.710007,134.440002,134.619995
03-09-2013,135.46,136.789993,135.029999,136.419998
04-09-2013,134.61,134.839996,133.720001,134.660004
05-09-2013,134.13,134.350006,131.800003,132.199997
06-09-2013,133.42,134.399994,133.330002,134.149994
09-09-2013,134.13,134.320007,133.669998,133.910004
10-09-2013,131.82,132,131.110001,131.740005
11-09-2013,131.58,131.809998,131.259995,131.699997
12-09-2013,128.62,128.779999,127.610001,127.669998
13-09-2013,127.16,127.959999,126.209999,127.82
16-09-2013,127.48,128.020004,126.330002,126.449997
17-09-2013,126.81,126.989998,126.110001,126.5
18-09-2013,125.32,132.160004,125.150002,132.009995
19-09-2013,132.00,132.779999,131.220001,131.75
20-09-2013,130.60,130.910004,127.900002,127.959999
23-09-2013,127.52,128.440002,127.330002,127.550003
24-09-2013,126.40,128.210007,126.339996,127.660004
25-09-2013,127.57,129.210007,127.519997,128.789993
26-09-2013,128.61,128.990005,127.32,127.790001
27-09-2013,128.86,129.580002,128.839996,128.970001
30-09-2013,127.95,129.139999,127.699997,128.179993
01-10-2013,125.25,125.260002,123.809998,124.589996
03-10-2013,126.77,127.690002,126.220001,127.18
04-10-2013,127.05,127.150002,126,126.529999
07-10-2013,127.25,128.330002,127.120003,127.639999
08-10-2013,127.79,128.449997,127.209999,127.400002
09-10-2013,126.21,126.889999,124.970001,126.110001
10-10-2013,125.34,125.830002,124.099998,124.269997
11-10-2013,122.37,122.809998,121.849998,122.599998
14-10-2013,123.90,124.239998,122.809998,122.830002
15-10-2013,122.28,124.360001,122.220001,123.730003
16-10-2013,123.52,123.889999,122.510002,123.540001
17-10-2013,127.01,127.860001,126.809998,127.419998
18-10-2013,126.87,127.330002,126.599998,126.849998
21-10-2013,127.13,127.339996,126.790001,126.980003
22-10-2013,128.25,129.809998,128.220001,129.339996
23-10-2013,128.55,129.089996,128.350006,128.690002
24-10-2013,129.41,130.529999,129.410004,129.899994
25-10-2013,129.53,130.919998,129.460007,130.460007
28-10-2013,130.41,131.440002,130.100006,130.559998
29-10-2013,130.16,130.589996,129.570007,129.770004
30-10-2013,130.83,131.220001,128.809998,129.600006
01-11-2013,126.86,127.169998,126.050003,126.949997
04-11-2013,127.18,127.519997,126.739998,126.809998
05-11-2013,126.71,126.860001,126,126.559998
06-11-2013,127.11,127.360001,126.919998,127.199997
07-11-2013,126.14,126.849998,125.860001,126.160004
08-11-2013,124.46,124.459999,123.620003,124.279999
11-11-2013,123.92,123.970001,123.660004,123.870003
12-11-2013,123.51,123.870003,121.730003,122.449997
13-11-2013,122.97,123.239998,122.389999,122.849998
14-11-2013,123.92,124.910004,123.879997,124.269997
15-11-2013,124.16,124.519997,124.07,124.32
18-11-2013,123.70,123.959999,122.550003,122.900002
19-11-2013,122.97,123.400002,122.830002,122.949997
20-11-2013,121.67,122.440002,119.760002,120.120003
21-11-2013,119.81,120.349998,119.309998,119.940002
22-11-2013,120.24,120.400002,119.82,119.919998
25-11-2013,119.18,121,119.129997,120.459999
26-11-2013,119.84,120.400002,119.589996,119.82
27-11-2013,120.49,120.690002,119.25,119.459999
29-11-2013,120.67,121.050003,120.620003,120.699997
02-12-2013,119.20,119.290001,117.5,117.580002
03-12-2013,117.58,118.309998,117.230003,117.959999
04-12-2013,118.33,120.760002,118.160004,119.959999
05-12-2013,118.20,119.239998,117.410004,118.300003
06-12-2013,118.86,119.260002,118.010002,118.550003
09-12-2013,118.99,119.919998,118.949997,119.720001
10-12-2013,122.14,122.32,121.470001,121.82
11-12-2013,121.49,121.809998,120.760002,120.860001
12-12-2013,118.61,118.82,118.029999,118.290001
13-12-2013,118.89,119.489998,118.760002,119.379997
02-01-2014,117.93,118.730003,117.75,118
03-01-2014,118.64,119.620003,118.589996,119.290001
06-01-2014,119.76,120.389999,117.110001,119.5
07-01-2014,118.46,118.919998,118.129997,118.82
08-01-2014,117.99,118.519997,117.5,118.120003
09-01-2014,118.11,118.690002,117.989998,118.459999
10-01-2014,119.72,120.43,119.580002,120.260002
13-01-2014,120.27,121.040001,120.199997,121.019997
14-01-2014,120.54,121.059998,119.720001,119.889999
15-01-2014,119.19,119.809998,119.110001,119.660004
16-01-2014,119.84,119.959999,119.57,119.790001
17-01-2014,120.35,121.019997,120.199997,120.93
21-01-2014,119.23,119.970001,119.230003,119.699997
22-01-2014,119.65,119.769997,119.169998,119.190002
23-01-2014,120.97,122.019997,120.970001,121.790001
24-01-2014,122.06,122.5,121.550003,122.290001
27-01-2014,121.65,122.059998,120.720001,120.959999
28-01-2014,121.32,121.400002,120.410004,120.949997
29-01-2014,122.19,122.510002,121.129997,122.470001
30-01-2014,119.67,120.220001,119.599998,119.769997
03-02-2014,120.47,122.110001,120.32,121.32
04-02-2014,120.41,121.089996,120.389999,120.989998
05-02-2014,121.76,121.879997,120.730003,121.290001
06-02-2014,121.38,121.510002,120.779999,121.239998
07-02-2014,121.24,122.239998,121.230003,122.169998
10-02-2014,122.80,123.160004,122.720001,122.919998
11-02-2014,123.38,124.75,123.360001,124.360001
12-02-2014,124.40,124.980003,124.129997,124.43
13-02-2014,124.70,125.599998,124.660004,125.489998
14-02-2014,126.99,127.379997,126.75,127.150002
18-02-2014,127.42,127.75,127.089996,127.400002
19-02-2014,127.26,127.449997,126.160004,126.269997
20-02-2014,126.75,127.75,126.400002,127.599998
21-02-2014,127.57,128.070007,127.150002,127.580002
24-02-2014,128.51,129.070007,128.339996,128.990005
25-02-2014,128.62,129.529999,128.570007,129.210007
26-02-2014,128.49,128.759995,127.419998,128.110001
27-02-2014,128.40,128.800003,127.889999,128.199997
03-03-2014,130.00,130.589996,129.809998,130.289993
04-03-2014,128.54,129.240005,128.320007,128.679993
05-03-2014,128.71,129.339996,128.580002,128.889999
06-03-2014,129.71,130.470001,129.470001,130.169998
07-03-2014,128.25,129.229996,128.210007,129.089996
10-03-2014,128.88,129.610001,128.779999,129.130005
11-03-2014,130.01,130.149994,128.929993,129.860001
12-03-2014,131.56,132.119995,131.389999,131.759995
13-03-2014,131.69,132.539993,131.559998,132.210007
14-03-2014,133.68,133.690002,132.350006,133.100006
17-03-2014,132.73,133.220001,131.220001,131.639999
18-03-2014,130.39,131.270004,130.330002,130.619995
19-03-2014,129.55,129.679993,127.940002,128.089996
20-03-2014,127.78,128.410004,127.580002,127.860001
21-03-2014,129.04,129.089996,128.410004,128.470001
24-03-2014,126.87,127.139999,126.029999,126.18
25-03-2014,126.44,126.82,126.239998,126.410004
26-03-2014,126.27,126.379997,125.129997,125.410004
27-03-2014,125.06,125.290001,124.209999,124.589996
28-03-2014,124.23,124.959999,123.879997,124.559998
31-03-2014,124.52,124.790001,123.57,123.610001
01-04-2014,123.71,123.849998,123.110001,123.389999
02-04-2014,124.41,124.75,124.190002,124.32
03-04-2014,123.75,124.260002,123.589996,123.919998
04-04-2014,125.20,125.959999,124.860001,125.57
07-04-2014,125.07,125.470001,124.839996,124.910004
08-04-2014,126.34,126.339996,125.900002,126.089996
09-04-2014,125.46,126.720001,125.330002,126.32
10-04-2014,126.95,127.370003,126.82,127.010002
11-04-2014,127.04,127.309998,126.730003,126.93
14-04-2014,127.80,128.25,127.620003,127.849998
15-04-2014,124.79,125.699997,124.599998,125.489998
16-04-2014,125.37,125.57,125.029999,125.540001
17-04-2014,125.38,125.529999,124.57,124.75
21-04-2014,124.07,124.330002,123.760002,124.239998
22-04-2014,124.15,124.160004,122.919998,123.779999
23-04-2014,123.70,123.940002,123.379997,123.760002
25-04-2014,125.17,125.709999,125.07,125.43
28-04-2014,125.30,125.339996,124.449997,124.879997
29-04-2014,124.95,125.379997,124.650002,124.860001
01-05-2014,123.17,123.830002,123.059998,123.800003
02-05-2014,123.69,125.669998,123.330002,125.059998
05-05-2014,126.47,126.629997,126,126.220001
06-05-2014,126.02,126.110001,125.629997,125.980003
07-05-2014,125.52,125.57,123.919998,124.169998
08-05-2014,124.19,124.470001,123.889999,124.169998
09-05-2014,124.39,124.470001,123.82,124.099998
12-05-2014,125.40,125.419998,124.690002,124.940002
13-05-2014,124.79,125.099998,124.5,124.599998
14-05-2014,125.80,125.959999,125.440002,125.809998
15-05-2014,124.77,125.510002,124.540001,124.769997
16-05-2014,124.35,124.769997,124.290001,124.5
19-05-2014,125.28,125.470001,124.480003,124.580002
20-05-2014,124.12,124.910004,124.089996,124.690002
21-05-2014,124.25,124.550003,123.529999,124.389999
22-05-2014,125.14,125.239998,124.540001,124.669998
23-05-2014,124.60,124.660004,124.190002,124.510002
27-05-2014,122.98,123.07,121.75,121.849998
28-05-2014,121.47,121.699997,120.919998,121.199997
29-05-2014,120.78,121.459999,120.769997,120.940002
30-05-2014,120.76,120.809998,119.620003,120.43
02-06-2014,119.93,120.459999,119.610001,119.699997
03-06-2014,119.73,120.089996,119.419998,120.010002
04-06-2014,120.10,120.160004,119.68,119.760002
05-06-2014,120.55,120.879997,120.43,120.660004
06-06-2014,120.68,120.769997,119.940002,120.610001
09-06-2014,120.79,120.849998,120.57,120.650002
10-06-2014,121.29,121.470001,121.209999,121.389999
11-06-2014,121.51,121.610001,121.18,121.410004
12-06-2014,121.92,122.75,121.830002,122.639999
13-06-2014,122.57,123.040001,122.510002,122.959999
16-06-2014,122.88,123.010002,122.300003,122.419998
17-06-2014,121.85,122.5,121.82,122.279999
18-06-2014,122.22,122.800003,122.089996,122.669998
19-06-2014,124.33,127.230003,124.32,126.940002
20-06-2014,126.32,127.07,126.209999,126.5
23-06-2014,126.65,126.940002,126.370003,126.849998
24-06-2014,127.22,127.32,126.730003,126.980003
25-06-2014,126.78,127.550003,126.660004,126.989998
26-06-2014,126.53,126.919998,126.199997,126.730003
27-06-2014,126.88,127.169998,126.650002,126.660004
30-06-2014,126.53,128.039993,126.370003,128.039993
01-07-2014,127.99,128.119995,127.489998,127.699997
02-07-2014,127.76,128.240005,127.639999,127.699997
03-07-2014,126.79,127.290001,126.610001,127.160004
07-07-2014,126.63,127.029999,126.230003,127.019997
08-07-2014,127.29,127.529999,126.43,127.07
09-07-2014,127.54,128.259995,127.18,127.839996
10-07-2014,129.11,129.210007,128.490005,128.539993
11-07-2014,128.41,128.830002,128.380005,128.779999
14-07-2014,125.50,126.099998,125.449997,125.720001
15-07-2014,125.89,126.32,124.360001,124.529999
16-07-2014,125.02,125.470001,124.779999,124.970001
17-07-2014,125.52,127.550003,125.110001,127.089996
18-07-2014,125.79,126.209999,125.669998,126.129997
21-07-2014,126.53,126.550003,126.110001,126.339996
22-07-2014,126.33,126.43,125.470001,125.739998
23-07-2014,125.72,126.040001,125.400002,125.620003
24-07-2014,124.85,124.870003,123.900002,124.349998
25-07-2014,124.48,125.93,124.43,125.790001
28-07-2014,125.44,125.669998,125.300003,125.580002
29-07-2014,125.79,125.879997,124.720001,125.199997
30-07-2014,124.89,124.93,124.410004,124.830002
31-07-2014,123.85,124.07,123.230003,123.389999
01-08-2014,124.54,124.809998,124.230003,124.379997
04-08-2014,124.36,124.470001,123.730003,123.989998
05-08-2014,123.74,124.519997,123.400002,123.870003
06-08-2014,125.71,126,125.519997,125.669998
07-08-2014,125.47,126.510002,125.370003,126.18
08-08-2014,126.08,126.410004,125.889999,126.190002
11-08-2014,125.84,126.040001,125.639999,125.959999
12-08-2014,126.42,126.809998,125.870003,125.989998
13-08-2014,126.35,126.529999,125.900002,126.199997
14-08-2014,126.24,126.529999,126.129997,126.309998
18-08-2014,124.78,125.080002,124.650002,124.959999
19-08-2014,125.00,125,124.480003,124.68
20-08-2014,124.82,124.82,123.879997,124.220001
21-08-2014,122.72,123.239998,122.449997,122.879997
22-08-2014,123.09,123.330002,122.57,123.190002
25-08-2014,122.92,123.040001,122.720001,122.739998
26-08-2014,123.92,123.970001,123.279999,123.349998
27-08-2014,123.60,123.709999,123.25,123.32
28-08-2014,124.15,124.330002,123.809998,124
29-08-2014,123.75,124.220001,123.620003,123.860001
02-09-2014,121.97,122.080002,121.43,121.650002
03-09-2014,121.70,122.199997,121.660004,122.150002
04-09-2014,122.48,122.660004,121.25,121.480003
05-09-2014,121.83,122.059998,121.629997,122.059998
08-09-2014,121.58,121.610001,120.370003,120.730003
09-09-2014,120.57,120.940002,120,120.870003
10-09-2014,120.13,120.540001,119.639999,120.260002
11-09-2014,119.61,119.699997,118.769997,119.470001
12-09-2014,118.63,118.900002,118.07,118.379997
15-09-2014,118.79,118.860001,118.459999,118.639999
16-09-2014,118.85,119.43,118.440002,118.830002
17-09-2014,118.95,119.239998,117.5,117.540001
18-09-2014,117.41,118.089996,117.190002,117.779999
19-09-2014,117.51,117.57,116.720001,117.089996
22-09-2014,116.72,117.370003,116.580002,116.849998
23-09-2014,117.99,117.989998,117.309998,117.599998
24-09-2014,117.12,117.720001,116.900002,117.050003
25-09-2014,116.30,117.760002,116.199997,117.389999
26-09-2014,117.02,117.099998,116.580002,117.059998
29-09-2014,117.27,117.400002,116.900002,117.029999
30-09-2014,116.54,117.349998,115.849998,116.209999
01-10-2014,116.61,117.260002,116.589996,116.769997
03-10-2014,115.17,115.510002,114.419998,114.610001
06-10-2014,115.16,116.309998,114.940002,116.029999
07-10-2014,116.31,116.629997,116.089996,116.360001
08-10-2014,117.03,117.709999,115.849998,117.470001
09-10-2014,117.86,118.260002,117.489998,117.639999
10-10-2014,117.70,117.739998,117.190002,117.589996
13-10-2014,118.14,118.669998,117.93,118.519997
14-10-2014,118.58,118.82,118.349998,118.589996
16-10-2014,119.02,119.650002,118.879997,119.220001
17-10-2014,119.06,119.230003,118.419998,118.989998
20-10-2014,119.68,119.860001,119.540001,119.800003
21-10-2014,120.27,120.5,119.910004,120.019997
22-10-2014,119.69,119.790001,119.25,119.339996
23-10-2014,118.71,118.82,117.879997,118.519997
24-10-2014,118.62,118.629997,118.120003,118.349998
27-10-2014,118.18,118.370003,118.010002,118.059998
28-10-2014,118.48,118.480003,118.010002,118.099998
29-10-2014,117.65,117.910004,116.139999,116.410004
30-10-2014,115.80,115.830002,114.940002,115.190002
31-10-2014,111.83,112.879997,111.660004,112.660004
03-11-2014,112.39,112.68,112,112.150002
04-11-2014,112.12,112.709999,112.080002,112.220001
05-11-2014,109.92,110.839996,109.669998,109.790001
06-11-2014,109.92,110.489998,109.75,109.879997
07-11-2014,110.78,113.150002,110.730003,112.970001
10-11-2014,112.24,112.239998,110.279999,110.459999
11-11-2014,111.08,112.760002,110.870003,112.040001
12-11-2014,112.05,112.169998,111.230003,111.5
13-11-2014,111.89,112.260002,111.220001,111.669998
14-11-2014,110.76,114.720001,110.650002,114.470001
17-11-2014,113.97,114.269997,113.559998,114.050003
18-11-2014,114.86,115.169998,114.550003,115.050003
19-11-2014,114.93,115.349998,112.879997,113.68
20-11-2014,114.57,115.019997,114.089996,114.860001
21-11-2014,115.58,115.959999,114.470001,115.389999
24-11-2014,115.15,115.370003,114.790001,115.110001
25-11-2014,115.10,115.470001,114.900002,115.379997
26-11-2014,115.25,115.339996,114.980003,115.160004
28-11-2014,113.53,113.830002,111.949997,112.110001
01-12-2014,113.80,117.360001,113.739998,116.580002
02-12-2014,115.13,115.709999,114.720001,115.139999
03-12-2014,115.68,116.760002,115.559998,116.330002
04-12-2014,116.01,116.339996,115.610001,115.879997
05-12-2014,115.16,115.18,114.239998,114.43
08-12-2014,114.97,116.160004,114.459999,115.779999
09-12-2014,117.04,118.989998,116.980003,118.190002
10-12-2014,118.15,118.470001,117.809998,117.959999
11-12-2014,116.98,118.379997,116.82,117.690002
12-12-2014,117.39,117.800003,116.68,117.410004
15-12-2014,116.22,116.970001,114.360001,114.389999
16-12-2014,116.28,116.5,114.07,114.949997
17-12-2014,115.10,115.480003,113.580002,114.269997
18-12-2014,115.59,115.809998,114.580002,115.150002
19-12-2014,115.06,115.220001,114.769997,114.769997
22-12-2014,114.81,114.970001,112.410004,112.550003
23-12-2014,112.88,113.32,112.610001,112.739998
24-12-2014,112.83,112.919998,112.660004,112.769997
26-12-2014,114.82,114.980003,114.529999,114.830002
29-12-2014,114.61,114.639999,113.230003,113.669998
30-12-2014,114.99,116.260002,114.900002,115.199997
31-12-2014,114.89,115,113.279999,113.580002
02-01-2015,112.49,114.800003,112.32,114.080002
05-01-2015,114.78,116,114.730003,115.800003
06-01-2015,116.22,117.5,115.800003,117.120003
07-01-2015,116.47,116.879997,116.169998,116.43
08-01-2015,116.45,116.870003,115.849998,115.940002
09-01-2015,116.51,117.339996,116.5,117.260002
12-01-2015,117.46,118.709999,117.32,118.559998
13-01-2015,118.96,119.190002,117.870003,118.160004
14-01-2015,119.08,119.32,117.900002,117.970001
15-01-2015,120.41,121.699997,120.339996,120.940002
16-01-2015,121.73,123.150002,121.709999,122.519997
20-01-2015,123.63,124.599998,123.489998,124.199997
21-01-2015,125.18,125.339996,123.370003,124.230003
22-01-2015,125.07,125.580002,124.150002,125.230003
23-01-2015,124.43,124.5,123.349998,124.230003
27-01-2015,123.56,124.639999,123.510002,124.400002
28-01-2015,123.52,123.889999,122.940002,123.419998
29-01-2015,121.99,122.290001,120.260002,120.760002
30-01-2015,121.30,123.550003,120.919998,123.449997
02-02-2015,121.84,123.160004,121.82,122.419998
03-02-2015,121.74,121.760002,120.57,121.050003
04-02-2015,121.63,122.220001,120.919998,121.580002
05-02-2015,120.98,121.830002,120.610001,121.790001
06-02-2015,119.15,119.519997,117.949997,118.639999
09-02-2015,118.83,119.400002,118.769997,119.169998
10-02-2015,118.63,119.059998,118.209999,118.470001
11-02-2015,118.49,118.57,117,117.07
12-02-2015,117.68,117.82,117.089996,117.339996
13-02-2015,118.05,118.580002,117.790001,117.980003
17-02-2015,116.40,116.540001,115.580002,116.010002
18-02-2015,115.99,116.529999,114.989998,116.339996
19-02-2015,116.40,116.540001,115.739998,115.940002
20-02-2015,116.10,116.459999,115.050003,115.279999
23-02-2015,115.11,116.220001,115.07,115.43
24-02-2015,115.00,115.550003,114.290001,115.260002
25-02-2015,115.83,115.889999,115.330002,115.699997
26-02-2015,116.54,116.550003,115.830002,116.07
27-02-2015,116.74,117.07,116.160004,116.160004
02-03-2015,116.50,116.639999,115.620003,115.68
03-03-2015,116.04,116.610001,115.349998,115.470001
04-03-2015,115.70,115.790001,115.019997,115.110001
05-03-2015,115.43,116.120003,114.839996,115
06-03-2015,113.17,113.260002,111.699997,111.860001
09-03-2015,112.42,112.620003,111.949997,111.970001
10-03-2015,112.09,112.349998,111.220001,111.419998
11-03-2015,111.23,111.25,110.160004,110.75
12-03-2015,111.15,111.199997,110.25,110.720001
13-03-2015,111.10,111.279999,110.510002,110.879997
16-03-2015,111.09,111.209999,110.419998,110.809998
17-03-2015,109.92,111.349998,109.769997,110.209999
18-03-2015,110.33,112.870003,110.089996,112.370003
19-03-2015,111.85,112.580002,111.580002,112.290001
20-03-2015,112.71,114,112.669998,113.57
23-03-2015,113.70,114.370003,113.489998,114.290001
24-03-2015,114.35,114.650002,113.82,114.57
25-03-2015,115.11,115.139999,114.650002,114.730003
26-03-2015,115.73,115.839996,115.339996,115.480003
27-03-2015,115.14,115.360001,114.449997,115.059998
30-03-2015,113.90,114.010002,113.540001,113.75
31-03-2015,113.84,114.279999,113.410004,113.660004
01-04-2015,114.56,115.989998,114.540001,115.599998
02-04-2015,115.47,115.720001,114.68,115.279999
06-04-2015,117.32,117.470001,116.519997,116.690002
07-04-2015,116.27,116.510002,115.940002,116.110001
08-04-2015,115.98,116.029999,114.900002,115.470001
09-04-2015,114.80,114.849998,114.480003,114.669998
10-04-2015,116.00,116.190002,115.5,115.970001
13-04-2015,115.35,115.389999,114.800003,115.139999
14-04-2015,114.69,115.07,114.389999,114.440002
15-04-2015,114.80,115.599998,114.470001,115.43
16-04-2015,115.55,115.660004,114.639999,115.029999
17-04-2015,115.38,115.790001,115.230003,115.599998
20-04-2015,114.82,114.949997,114.32,114.720001
21-04-2015,114.72,115.559998,114.650002,115.379997
22-04-2015,114.83,114.959999,113.769997,113.830002
23-04-2015,113.90,114.959999,113.809998,114.660004
24-04-2015,113.96,114.07,112.769997,113.050003
27-04-2015,113.87,115.82,113.669998,115.330002
28-04-2015,115.36,116.620003,115.339996,116.330002
29-04-2015,116.06,116.389999,115.279999,115.510002
30-04-2015,113.88,113.879997,112.959999,113.470001
01-05-2015,112.42,113.309998,112.279999,113.080002
04-05-2015,114.18,114.440002,113.879997,114.099998
05-05-2015,114.89,115.110001,114.389999,114.419998
06-05-2015,114.59,114.75,114.019997,114.360001
07-05-2015,113.84,114.010002,113.32,113.419998
08-05-2015,114.34,114.43,113.589996,113.970001
11-05-2015,114.09,114.309998,113.080002,113.529999
12-05-2015,114.10,114.669998,114.07,114.5
13-05-2015,115.74,116.93,115.68,116.550003
14-05-2015,117.28,117.75,117.029999,117.18
15-05-2015,116.80,117.629997,116.68,117.529999
18-05-2015,117.78,117.879997,117.269997,117.519997
19-05-2015,116.55,116.730003,115.650002,115.889999
20-05-2015,116.03,116.379997,115.760002,116.080002
21-05-2015,115.53,116,115.470001,115.690002
22-05-2015,115.51,115.93,115.32,115.599998
26-05-2015,113.84,114.230003,113.699997,113.910004
27-05-2015,113.78,114.019997,113.629997,113.889999
28-05-2015,113.85,114.160004,113.209999,114.019997
29-05-2015,114.14,114.480003,114,114.099998
01-06-2015,115.02,115.5,113.900002,114
02-06-2015,114.36,114.650002,114.169998,114.459999
03-06-2015,114.13,114.370003,113.080002,113.639999
04-06-2015,112.98,113.150002,112.480003,112.839996
05-06-2015,111.60,112.389999,111.57,112.239998
08-06-2015,112.39,112.660004,112.129997,112.57
09-06-2015,113.15,113.230003,112.709999,112.82
10-06-2015,114.14,114.139999,113.690002,113.779999
11-06-2015,113.27,113.410004,112.919998,113.260002
12-06-2015,113.06,113.5,112.959999,113.230003
15-06-2015,113.28,114.150002,113.209999,113.730003
16-06-2015,113.08,113.449997,112.790001,113.32
17-06-2015,113.07,114.040001,112.629997,113.849998
18-06-2015,115.19,115.610001,114.889999,115.32
19-06-2015,115.34,115.459999,114.949997,115.120003
22-06-2015,113.79,113.940002,113.339996,113.639999
23-06-2015,112.96,113.169998,112.790001,112.889999
24-06-2015,112.48,112.739998,112.309998,112.589996
25-06-2015,112.43,112.709999,112.32,112.440002
26-06-2015,112.20,112.68,112.129997,112.559998
29-06-2015,112.81,113.230003,112.529999,113.07
30-06-2015,112.24,113.050003,111.839996,112.370003
01-07-2015,112.12,112.510002,111.940002,111.980003
02-07-2015,111.66,111.839996,111.410004,111.760002
06-07-2015,111.71,112.580002,111.629997,112.059998
07-07-2015,111.08,111.139999,110.050003,110.760002
08-07-2015,111.38,111.650002,111.080002,111.089996
09-07-2015,111.80,111.93,111.150002,111.360001
10-07-2015,111.18,111.709999,111.029999,111.489998
13-07-2015,110.43,111.139999,110.360001,110.989998
14-07-2015,111.00,111.080002,110.629997,110.739998
15-07-2015,110.00,110.190002,109.580002,110.160004
16-07-2015,109.67,110.010002,109.599998,109.760002
17-07-2015,109.11,109.160004,108.400002,108.650002
20-07-2015,106.60,106.650002,105.620003,105.699997
21-07-2015,105.81,106.32,105.25,105.370003
22-07-2015,104.39,105.089996,104.18,104.800003
23-07-2015,104.98,105.300003,104.199997,104.330002
24-07-2015,103.61,105.589996,103.43,105.349998
27-07-2015,104.94,105.68,104.660004,104.860001
28-07-2015,105.09,105.330002,104.830002,105.019997
29-07-2015,104.93,105.629997,104.489998,105.169998
30-07-2015,104.03,104.970001,103.860001,104.269997
31-07-2015,105.41,105.75,104.690002,104.93
03-08-2015,104.59,104.82,104.050003,104.099998
04-08-2015,104.56,104.75,103.949997,104.309998
05-08-2015,104.42,104.5,103.779999,103.93
06-08-2015,104.15,104.860001,104.139999,104.389999
07-08-2015,104.56,105.379997,104.550003,104.650002
10-08-2015,105.03,106.269997,104.919998,105.720001
11-08-2015,106.49,106.629997,105.769997,106.260002
12-08-2015,106.99,107.910004,106.93,107.75
13-08-2015,106.95,107.18,106.709999,106.860001
14-08-2015,107.07,107.410004,106.540001,106.849998
17-08-2015,107.37,107.510002,107,107.129997
18-08-2015,106.67,107.330002,106.309998,107.110001
19-08-2015,107.63,108.669998,107.629997,108.550003
20-08-2015,109.81,110.610001,109.699997,110.440002
21-08-2015,110.93,111.330002,110.120003,111.129997
24-08-2015,111.54,112.120003,109.769997,110.529999
25-08-2015,110.01,110.050003,108.720001,109.160004
26-08-2015,107.72,108.059998,107.080002,107.669998
27-08-2015,107.33,108.040001,107.110001,107.730003
28-08-2015,108.17,109.300003,108.120003,108.699997
31-08-2015,108.19,108.919998,108.029999,108.82
01-09-2015,109.63,109.769997,108.940002,109.199997
02-09-2015,109.01,109.339996,108.459999,108.620003
03-09-2015,107.77,108.32,107.559998,107.839996
04-09-2015,107.14,107.559998,107.07,107.489998
08-09-2015,107.60,107.940002,107.309998,107.519997
09-09-2015,106.64,106.709999,105.480003,106.129997
10-09-2015,106.61,106.699997,106.18,106.379997
11-09-2015,105.65,106.199997,105.269997,106.160004
14-09-2015,105.86,106.389999,105.779999,106.220001
15-09-2015,105.83,106.059998,105.68,105.900002
16-09-2015,106.60,107.709999,106.559998,107.309998
17-09-2015,107.07,108.580002,106.959999,108.410004
18-09-2015,109.10,109.379997,108.82,109.209999
21-09-2015,108.49,108.660004,108.330002,108.529999
22-09-2015,107.58,107.959999,107.440002,107.790001
23-09-2015,108.54,108.639999,108.199997,108.220001
24-09-2015,109.67,110.82,109.629997,110.489998
25-09-2015,109.87,110.029999,109.550003,109.809998
28-09-2015,108.37,108.910004,108.269997,108.419998
29-09-2015,108.24,108.690002,107.879997,107.980003
30-09-2015,106.78,107.080002,106.470001,106.860001
01-10-2015,106.98,107.209999,106.629997,106.730003
05-10-2015,109.14,109.379997,108.459999,108.769997
06-10-2015,109.80,110.260002,109.629997,109.860001
07-10-2015,109.75,110.139999,109.339996,109.699997
08-10-2015,109.16,110.269997,109.059998,109.139999
09-10-2015,110.54,111.050003,110.230003,110.870003
12-10-2015,111.67,111.730003,111.010002,111.309998
13-10-2015,111.36,111.870003,111.279999,111.860001
14-10-2015,112.63,113.949997,112.300003,113.809998
15-10-2015,113.20,113.989998,112.940002,113.290001
16-10-2015,113.24,113.440002,112.43,112.489998
19-10-2015,112.64,112.690002,111.889999,112.019997
20-10-2015,112.38,113.089996,112.379997,112.730003
21-10-2015,112.37,112.370003,111.410004,111.730003
22-10-2015,111.52,112.209999,111.43,111.690002
23-10-2015,111.81,111.839996,110.959999,111.5
26-10-2015,111.73,111.980003,111.330002,111.43
27-10-2015,111.31,111.809998,111.290001,111.68
28-10-2015,112.68,113.25,110.309998,110.75
29-10-2015,110.23,110.599998,109.660004,109.720001
30-10-2015,109.50,109.580002,109.059998,109.300003
02-11-2015,108.64,108.839996,108.459999,108.589996
03-11-2015,107.79,107.809998,106.68,106.980003
04-11-2015,107.02,107.089996,105.919998,105.970001
05-11-2015,106.01,106.099998,105.580002,105.639999
06-11-2015,104.17,104.419998,104.019997,104.099998
09-11-2015,104.29,104.580002,104.190002,104.400002
10-11-2015,104.09,104.650002,103.870003,104.18
11-11-2015,104.09,104.230003,103.779999,103.830002
12-11-2015,103.09,104.32,103.040001,103.849998
13-11-2015,103.54,103.739998,103.449997,103.559998
16-11-2015,103.98,104.029999,103.519997,103.709999
17-11-2015,103.38,103.400002,101.980003,102.339996
18-11-2015,102.39,102.949997,102.040001,102.43
19-11-2015,103.07,104.089996,103.07,103.559998
20-11-2015,103.58,103.660004,102.970001,103.089996
23-11-2015,102.48,102.75,102.160004,102.260002
24-11-2015,103.12,103.25,102.690002,102.940002
25-11-2015,102.47,102.690002,102.209999,102.459999
27-11-2015,101.01,101.620003,100.989998,101.25
30-11-2015,101.53,102.379997,101.519997,101.919998
01-12-2015,102.30,102.43,101.809998,102.279999
02-12-2015,101.35,101.349998,100.529999,100.690002
03-12-2015,101.23,101.970001,100.849998,101.760002
04-12-2015,102.74,104.209999,102.650002,104.019997
07-12-2015,103.32,103.370003,102.5,102.669998
08-12-2015,103.13,103.260002,102.529999,102.839996
09-12-2015,103.63,103.660004,102.32,102.639999
10-12-2015,102.51,102.830002,102.339996,102.550003
11-12-2015,101.91,103.32,101.849998,103.110001
14-12-2015,102.58,102.720001,101.739998,101.790001
15-12-2015,101.71,102.059998,101.410004,101.519997
16-12-2015,102.59,103.199997,101.660004,102.75
17-12-2015,100.92,100.989998,100.230003,100.5
18-12-2015,101.35,102.529999,101.300003,102.040001
21-12-2015,102.95,103.519997,102.830002,103.150002
22-12-2015,103.09,103.199997,102.559998,102.610001
23-12-2015,102.40,102.589996,102.209999,102.309998
24-12-2015,102.82,103.050003,102.769997,103.050003
28-12-2015,102.48,102.599998,102.029999,102.269997
29-12-2015,102.52,102.580002,102.110001,102.199997
30-12-2015,101.47,101.599998,101.349998,101.419998
31-12-2015,101.48,101.720001,101.309998,101.459999
04-01-2016,103.13,103.669998,102.489998,102.889999
05-01-2016,103.13,103.459999,102.93,103.18
06-01-2016,104.37,104.800003,103.93,104.669998
07-01-2016,105.83,106.239998,105.190002,106.150002
08-01-2016,105.48,105.800003,105.040001,105.68
11-01-2016,105.47,105.57,104.709999,104.739998
12-01-2016,104.09,104.589996,103.650002,104.209999
13-01-2016,103.89,104.82,103.779999,104.720001
14-01-2016,103.75,104.18,102.5,103.019997
15-01-2016,104.92,104.959999,103.970001,104.080002
19-01-2016,104.06,104.449997,103.650002,103.980003
20-01-2016,105.17,106.160004,104.940002,105.370003
21-01-2016,104.99,105.489998,104.519997,105.489998
22-01-2016,104.93,105.510002,104.760002,105
25-01-2016,105.76,106.089996,105.599998,106.080002
27-01-2016,106.86,107.93,106.650002,107.690002
28-01-2016,106.55,106.860001,106.480003,106.540001
29-01-2016,106.61,107,106.260002,106.949997
01-02-2016,107.54,108.150002,107.529999,108.050003
02-02-2016,107.92,108.18,107.349998,108.089996
03-02-2016,107.91,109.580002,107.900002,109.25
04-02-2016,110.45,110.699997,109.919998,110.57
05-02-2016,109.79,112.349998,109.580002,112.32
08-02-2016,113.67,114.870003,113.389999,113.830002
09-02-2016,114.43,114.690002,113.550003,113.580002
10-02-2016,113.92,114.519997,112.980003,114.459999
11-02-2016,118.59,120.839996,117.769997,119.059998
12-02-2016,118.12,118.739998,117.879997,118.360001
16-02-2016,116.00,116.309998,114.739998,114.769997
17-02-2016,115.47,116.07,114.889999,115.480003
18-02-2016,115.30,118.599998,115.290001,118.290001
19-02-2016,117.26,117.970001,117.099998,117.580002
22-02-2016,115.44,116.190002,115.410004,115.489998
23-02-2016,116.68,117.419998,116.519997,117.220001
24-02-2016,119.00,119.860001,117.349998,117.610001
25-02-2016,117.62,118.910004,117.540001,117.919998
26-02-2016,117.43,117.720001,115.860001,117.110001
29-02-2016,117.59,118.699997,117.529999,118.639999
01-03-2016,118.74,119.110001,117.339996,117.769997
02-03-2016,118.34,118.970001,118.07,118.68
03-03-2016,118.86,121.300003,118.809998,120.730003
04-03-2016,121.13,122.370003,120.220001,120.540001
07-03-2016,121.18,121.580002,120.410004,121.139999
08-03-2016,121.79,121.879997,120.470001,120.580002
09-03-2016,119.20,120.389999,118.839996,119.580002
10-03-2016,120.50,121.760002,120.419998,121.5
11-03-2016,121.19,121.389999,119.360001,119.410004
14-03-2016,120.27,120.309998,117.5,117.870003
15-03-2016,117.78,118.040001,117.360001,117.959999
16-03-2016,117.42,120.760002,117.339996,120.589996
17-03-2016,121.16,121.18,120.029999,120.129997
18-03-2016,119.59,120.339996,119.510002,119.800003
21-03-2016,119.00,119.330002,118.730003,118.959999
22-03-2016,119.73,120.160004,118.959999,119.309998
23-03-2016,116.74,117.120003,116.160004,116.610001
24-03-2016,116.77,116.940002,116.300003,116.330002
28-03-2016,116.73,116.910004,116.269997,116.599998
29-03-2016,117.36,118.809998,116.800003,118.760002
30-03-2016,117.88,118.199997,116.910004,117.099998
31-03-2016,118.16,118.389999,117.599998,117.639999
01-04-2016,116.08,116.980003,115.550003,116.93
04-04-2016,116.67,116.730003,116.07,116.150002
05-04-2016,117.76,117.93,117.150002,117.660004
06-04-2016,116.70,117.389999,116.260002,116.940002
07-04-2016,118.65,118.849998,115,118.610001
08-04-2016,118.07,118.769997,117.980003,118.43
11-04-2016,119.47,120.300003,119.419998,120.029999
12-04-2016,120.23,120.349998,119.550003,120.050003
13-04-2016,119.37,119.43,118.559998,118.769997
14-04-2016,118.09,118.190002,116.949997,117.110001
15-04-2016,117.33,118.120003,117.190002,117.919998
18-04-2016,118.53,118.559998,117.629997,117.739998
19-04-2016,119.87,120.089996,119.370003,119.580002
20-04-2016,119.67,120.080002,118.720001,118.970001
21-04-2016,120.42,120.550003,119.129997,119.419998
22-04-2016,118.71,119.019997,117.279999,117.889999
25-04-2016,118.14,118.709999,118.110001,118.230003
26-04-2016,118.79,118.889999,118.449997,118.699997
27-04-2016,118.97,119.699997,118.43,119.040001
28-04-2016,119.92,121.419998,119.730003,121.290001
29-04-2016,122.43,123.93,122.339996,123.650002
02-05-2016,123.78,123.959999,123.050003,123.239998
03-05-2016,123.73,123.82,122.510002,122.959999
04-05-2016,122.85,123.230003,121.510002,122.209999
05-05-2016,122.63,122.730003,121.25,122.07
06-05-2016,122.83,123.809998,122.589996,123.18
09-05-2016,121.20,121.290001,120.589996,120.650002
10-05-2016,120.74,121.379997,120.080002,120.980003
11-05-2016,121.85,122.160004,121.379997,122.120003
12-05-2016,122.02,122.389999,121,121.160004
13-05-2016,121.09,121.860001,120.660004,121.709999
16-05-2016,122.93,122.970001,121.379997,121.800003
17-05-2016,121.58,122.519997,121.480003,122.220001
18-05-2016,121.22,121.919998,119.879997,120.099998
19-05-2016,119.00,119.980003,118.919998,119.870003
20-05-2016,120.19,120.32,119.309998,119.709999
23-05-2016,118.86,119.599998,118.75,119.370003
24-05-2016,118.17,118.230003,117.25,117.300003
25-05-2016,116.59,117.059998,116.32,116.980003
26-05-2016,117.57,117.629997,116.389999,116.580002
27-05-2016,116.27,116.360001,115.290001,115.620003
31-05-2016,115.76,116.400002,115.5,116.059998
01-06-2016,115.97,116.139999,115.199997,115.940002
02-06-2016,115.78,115.970001,115.580002,115.669998
03-06-2016,118.25,118.889999,118.230003,118.879997
06-06-2016,118.89,119.169998,118.459999,118.919998
07-06-2016,118.50,119.019997,118.410004,118.82
08-06-2016,120.30,120.779999,120.230003,120.580002
09-06-2016,120.61,121.480003,120.550003,121.25
10-06-2016,121.55,122.099998,121.18,121.739998
13-06-2016,122.80,122.830002,122.029999,122.639999
14-06-2016,123.00,123.059998,122.300003,122.769997
15-06-2016,122.52,123.870003,122.379997,123.68
16-06-2016,125.17,125.669998,122.230003,122.379997
17-06-2016,123.26,124.099998,122.690002,123.949997
20-06-2016,122.26,123.330002,122.129997,123.209999
21-06-2016,121.65,121.860001,120.769997,120.839996
22-06-2016,120.83,121.25,120.68,120.900002
23-06-2016,120.49,121.029999,120.059998,120.110001
24-06-2016,126.62,126.82,125,126
27-06-2016,126.44,127.050003,125.830002,126.68
28-06-2016,125.56,126.019997,125.059998,125.32
29-06-2016,125.91,126.809998,125.699997,125.839996
30-06-2016,125.95,126.519997,125.5,126.470001
01-07-2016,127.66,128.419998,127.440002,128.410004
05-07-2016,128.80,129.589996,128.169998,129.470001
06-07-2016,130.50,131.149994,129.820007,130.229996
07-07-2016,129.82,130.119995,128.979996,129.740005
08-07-2016,129.85,130.520004,128.970001,130.520004
11-07-2016,129.49,129.899994,129.160004,129.289993
12-07-2016,128.52,128.539993,126.989998,127.150002
13-07-2016,128.00,128.429993,127.610001,128.320007
14-07-2016,126.31,127.370003,126.029999,127.330002
15-07-2016,126.38,127.190002,126.330002,126.839996
18-07-2016,127.02,127.5,126.629997,127.040001
19-07-2016,126.95,127.349998,126.82,127.209999
20-07-2016,125.50,126.120003,125.309998,125.389999
21-07-2016,125.66,127.370003,125.599998,127.300003
22-07-2016,126.43,126.519997,126.010002,126.349998
25-07-2016,125.53,126.209999,125.110001,125.470001
26-07-2016,126.09,126.139999,125.75,126
27-07-2016,126.79,128.119995,126.040001,128.029999
28-07-2016,128.09,128.199997,127.209999,127.660004
29-07-2016,128.42,129.410004,127.879997,128.979996
01-08-2016,128.57,129.339996,128.559998,129.220001
02-08-2016,130.04,130.550003,129.940002,130.270004
03-08-2016,129.95,129.960007,129.270004,129.649994
04-08-2016,130.01,130.279999,129.820007,129.869995
05-08-2016,128.46,128.550003,127.389999,127.550003
08-08-2016,127.29,127.699997,127.269997,127.440002
09-08-2016,127.94,128.139999,127.75,127.959999
10-08-2016,129.12,129.199997,128.149994,128.559998
11-08-2016,128.61,129.190002,127.480003,127.669998
12-08-2016,127.67,129.259995,127.199997,127.400002
16-08-2016,128.12,129.039993,128,128.470001
17-08-2016,128.17,128.990005,127.459999,128.5
18-08-2016,128.89,129.169998,128.580002,129.110001
19-08-2016,128.08,128.669998,127.860001,127.970001
22-08-2016,127.63,127.919998,127.449997,127.779999
23-08-2016,128.14,128.220001,127.610001,127.760002
24-08-2016,126.92,126.970001,126.300003,126.339996
25-08-2016,125.98,126.309998,125.959999,126.230003
26-08-2016,126.88,128.110001,125.82,126.050003
29-08-2016,126.00,126.480003,125.93,126.300003
30-08-2016,125.73,125.949997,124.879997,125.029999
31-08-2016,124.73,125.110001,124.639999,124.779999
01-09-2016,124.67,125.510002,124.550003,125.290001
02-09-2016,126.29,126.57,125.580002,126.57
06-09-2016,127.40,129.080002,127.269997,128.710007
07-09-2016,128.79,128.860001,128.119995,128.270004
08-09-2016,128.16,128.520004,127.400002,127.589996
09-09-2016,127.24,127.510002,126.699997,126.75
12-09-2016,126.31,126.919998,125.970001,126.589996
13-09-2016,126.47,126.599998,125.529999,125.75
14-09-2016,126.10,126.540001,126.029999,126.18
15-09-2016,125.73,126.099998,124.910004,125.370003
16-09-2016,124.81,125.25,124.669998,125.059998
19-09-2016,125.61,125.620003,125.25,125.32
20-09-2016,125.31,125.589996,125.169998,125.440002
21-09-2016,126.33,127.419998,125.959999,127.269997
22-09-2016,127.57,128.199997,127.5,127.57
23-09-2016,127.60,127.860001,127.43,127.650002
26-09-2016,127.96,128.039993,127.419998,127.550003
27-09-2016,126.86,126.900002,126.339996,126.620003
28-09-2016,126.25,126.400002,125.730003,126.220001
29-09-2016,125.84,126.339996,125.540001,126.07
30-09-2016,126.52,126.550003,125.239998,125.639999
03-10-2016,125.32,125.459999,124.900002,125.32
04-10-2016,123.16,123.18,120.860001,120.970001
05-10-2016,121.33,121.589996,120.400002,120.779999
06-10-2016,119.69,119.980003,119.239998,119.660004
07-10-2016,120.49,120.580002,118.419998,119.739998
10-10-2016,119.74,120.419998,119.739998,120.160004
11-10-2016,119.92,120.160004,119.529999,119.550003
12-10-2016,119.72,120.07,119.290001,119.739998
13-10-2016,120.00,120.419998,119.800003,120.029999
14-10-2016,119.37,120.160004,119.290001,119.360001
17-10-2016,119.70,119.919998,119.580002,119.68
18-10-2016,120.08,120.639999,119.82,120.419998
19-10-2016,121.13,121.459999,120.889999,121.110001
20-10-2016,121.39,121.589996,120.629997,120.739998
21-10-2016,120.90,120.93,120.550003,120.830002
24-10-2016,121.28,121.300003,120.160004,120.559998
25-10-2016,120.89,121.760002,120.860001,121.470001
26-10-2016,121.37,121.529999,120.610001,120.790001
27-10-2016,121.11,121.18,120.75,121.010002
28-10-2016,121.20,122.480003,120.809998,121.580002
01-11-2016,122.80,123.209999,122.57,122.730003
02-11-2016,123.76,124.760002,123.559998,123.639999
03-11-2016,123.36,124.330002,123.349998,124.300003
04-11-2016,124.40,124.540001,124.040001,124.389999
07-11-2016,122.66,122.709999,121.879997,122.150002
08-11-2016,122.12,123.089996,121.360001,121.639999
09-11-2016,124.30,124.349998,121.110001,121.559998
10-11-2016,121.52,121.540001,119.379997,119.75
14-11-2016,116.12,117.139999,115.489998,116.110001
15-11-2016,116.46,117.239998,116.290001,117.120003
16-11-2016,117.27,117.269997,116.580002,116.769997
17-11-2016,116.91,117.220001,115.440002,116.169998
18-11-2016,115.52,115.769997,114.959999,115.150002
21-11-2016,115.72,115.940002,115.290001,115.580002
22-11-2016,115.72,115.790001,114.980003,115.540001
23-11-2016,113.87,113.879997,112.650002,113.25
25-11-2016,113.42,113.510002,112.349998,112.610001
28-11-2016,113.23,113.839996,112.769997,113.800003
29-11-2016,112.76,113.480003,112.690002,113.269997
30-11-2016,112.69,112.790001,111.5,111.75
01-12-2016,111.11,111.989998,110.629997,111.540001
02-12-2016,111.89,112.32,111.779999,112.139999
05-12-2016,111.15,112.110001,110.309998,111.540001
06-12-2016,111.69,112.029999,111.190002,111.43
07-12-2016,112.13,112.5,111.769997,111.830002
08-12-2016,111.72,111.870003,111.459999,111.57
09-12-2016,111.18,111.25,110.190002,110.400002
12-12-2016,110.59,111.110001,110.269997,110.82
13-12-2016,110.57,110.790001,110.059998,110.449997
14-12-2016,110.95,110.980003,108.519997,108.830002
15-12-2016,107.85,107.989998,107,107.339996
16-12-2016,107.95,108.779999,107.480003,108.050003
19-12-2016,108.60,108.879997,108.339996,108.589996
20-12-2016,107.47,108,107.290001,107.790001
21-12-2016,108.25,108.309998,107.68,107.849998
22-12-2016,107.68,108.099998,107.489998,107.589996
23-12-2016,107.84,108.25,107.800003,107.93
27-12-2016,108.61,108.669998,108.239998,108.559998
28-12-2016,108.40,108.910004,108.290001,108.860001
29-12-2016,109.23,110.529999,109.160004,110.290001
30-12-2016,110.38,110.620003,109.529999,109.610001
03-01-2017,109.62,111,109.370003,110.470001
04-01-2017,111.06,111.220001,110.610001,110.860001
05-01-2017,112.16,112.940002,112.07,112.580002
06-01-2017,111.81,112.379997,111.57,111.75
09-01-2017,112.39,113.040001,112.18,112.669998
10-01-2017,112.94,113.449997,112.639999,113.150002
11-01-2017,112.87,114.190002,112.169998,113.5
12-01-2017,114.52,114.93,113.809998,113.910004
13-01-2017,113.65,114.309998,113.190002,114.209999
17-01-2017,115.89,115.959999,115.5,115.849998
18-01-2017,115.74,115.919998,114.559998,114.870003
19-01-2017,114.32,114.959999,113.940002,114.769997
20-01-2017,114.65,115.760002,114.32,115.050003
23-01-2017,115.51,116.169998,115.199997,115.790001
24-01-2017,115.69,116.019997,114.940002,115.269997
25-01-2017,114.14,114.440002,113.68,114.32
27-01-2017,112.93,113.550003,112.809998,113.489998
30-01-2017,113.61,114.300003,113.540001,113.970001
31-01-2017,115.27,115.82,115.18,115.550003
01-02-2017,114.66,115.449997,114.139999,115.199997
02-02-2017,116.26,116.57,115.629997,115.839996
03-02-2017,115.73,116.370003,115.709999,116.129997
06-02-2017,117.07,117.739998,116.739998,117.699997
07-02-2017,117.31,117.739998,117.199997,117.459999
08-02-2017,118.09,118.589996,117.809998,118.190002
09-02-2017,118.19,118.580002,117.199997,117.290001
10-02-2017,116.68,117.860001,116.669998,117.599998
13-02-2017,116.73,116.949997,116.150002,116.800003
14-02-2017,117.51,117.559998,116.379997,116.93
15-02-2017,116.33,117.480003,116.25,117.449997
16-02-2017,117.93,118.349998,117.830002,118.080002
17-02-2017,118.19,118.400002,117.620003,117.68
21-02-2017,117.04,118,116.769997,117.75
22-02-2017,117.86,118.019997,117.239998,117.910004
23-02-2017,118.76,119.160004,118.68,118.940002
24-02-2017,119.74,119.879997,119.25,119.699997
27-02-2017,119.73,120.400002,119.120003,119.120003
28-02-2017,119.71,119.839996,118.82,119.230003
01-03-2017,117.98,119.120003,117.949997,119.059998
02-03-2017,117.76,118.339996,117.230003,117.580002
03-03-2017,116.95,117.730003,116.440002,117.510002
06-03-2017,117.35,117.349998,116.629997,116.720001
07-03-2017,116.13,116.25,115.620003,115.779999
08-03-2017,114.99,115.360001,114.949997,115.059998
09-03-2017,114.78,115.029999,114.410004,114.470001
10-03-2017,114.45,114.730003,114.129997,114.720001
13-03-2017,114.63,114.910004,114.510002,114.739998
14-03-2017,114.54,115.010002,114.029999,114.120003
15-03-2017,114.29,116.25,114.019997,116.25
16-03-2017,117.27,117.290001,116.690002,116.730003
17-03-2017,117.04,117.269997,116.910004,116.989998
20-03-2017,117.31,117.599998,117.209999,117.510002
21-03-2017,117.77,118.800003,117.760002,118.540001
22-03-2017,118.87,119.150002,118.68,118.830002
23-03-2017,119.15,119.25,118.32,118.669998
24-03-2017,118.50,119.209999,118.389999,118.860001
27-03-2017,119.93,120.080002,119.269997,119.529999
28-03-2017,119.74,119.830002,118.779999,119.040001
29-03-2017,119.22,119.449997,119.050003,119.330002
30-03-2017,118.77,119.120003,118.32,118.470001
31-03-2017,118.61,119.080002,118.459999,118.720001
03-04-2017,118.69,119.370003,118.669998,119.349998
04-04-2017,119.59,119.769997,119.379997,119.620003
05-04-2017,118.62,119.629997,118.400002,119.620003
06-04-2017,119.22,119.419998,118.980003,119.18
07-04-2017,120.30,120.669998,119.139999,119.459999
10-04-2017,119.04,119.690002,118.849998,119.459999
11-04-2017,120.33,121.400002,120.290001,121.190002
12-04-2017,121.38,122.220001,121.139999,122.019997
13-04-2017,122.54,122.650002,122.029999,122.599998
17-04-2017,122.55,123.07,121.989998,122.239998
18-04-2017,122.43,123.029999,121.730003,122.82
19-04-2017,122.25,122.260002,121.279999,121.730003
20-04-2017,121.82,122.169998,121.5,121.959999
21-04-2017,122.14,122.610001,121.730003,122.309998
24-04-2017,120.77,121.510002,120.660004,121.480003
25-04-2017,120.53,120.870003,120.050003,120.25
26-04-2017,120.21,120.959999,119.870003,120.839996
27-04-2017,120.42,120.599998,119.970001,120.389999
28-04-2017,120.34,120.769997,120.269997,120.769997
01-05-2017,120.21,120.75,119.349998,119.669998
02-05-2017,119.30,119.650002,119.239998,119.650002
03-05-2017,119.18,119.339996,117.919998,117.980003
04-05-2017,116.81,117.279999,116.629997,116.790001
05-05-2017,116.86,117.07,116.68,117.010002
08-05-2017,117.03,117.139999,116.68,116.75
09-05-2017,116.18,116.239998,115.559998,116.050003
10-05-2017,116.42,116.5,115.860001,116.040001
11-05-2017,116.21,116.849998,116.190002,116.5
12-05-2017,117.07,117.160004,116.730003,116.830002
15-05-2017,117.52,117.540001,116.989998,117.139999
16-05-2017,117.45,117.910004,117.400002,117.650002
17-05-2017,119.36,120.019997,119.269997,119.790001
18-05-2017,119.77,119.839996,118.559998,118.809998
19-05-2017,119.39,119.550003,118.879997,119.400002
22-05-2017,119.63,120.139999,119.580002,119.900002
23-05-2017,120.13,120.190002,118.980003,119.139999
24-05-2017,119.07,119.739998,118.919998,119.610001
25-05-2017,119.52,119.699997,119.290001,119.480003
26-05-2017,120.49,120.790001,120.330002,120.540001
30-05-2017,120.24,120.330002,119.949997,120.139999
31-05-2017,120.31,121.230003,120.260002,120.620003
01-06-2017,120.17,120.739998,120.059998,120.720001
02-06-2017,121.31,121.709999,121.190002,121.610001
05-06-2017,121.91,121.940002,121.580002,121.730003
06-06-2017,123.09,123.309998,122.769997,123.099998
07-06-2017,122.79,123.160004,122.019997,122.449997
08-06-2017,122.07,122.080002,120.949997,121.650002
09-06-2017,120.46,120.910004,120.400002,120.540001
12-06-2017,120.33,120.690002,120.269997,120.360001
13-06-2017,119.95,120.709999,119.919998,120.480003
14-06-2017,121.51,121.879997,119.57,119.82
15-06-2017,119.22,119.5,119.129997,119.32
16-06-2017,119.35,119.5,119.239998,119.339996
19-06-2017,118.74,118.839996,118.330002,118.43
20-06-2017,118.42,118.459999,118.07,118.18
21-06-2017,118.15,118.660004,118.150002,118.519997
22-06-2017,119.13,119.199997,118.599998,118.919998
23-06-2017,119.65,119.660004,119.309998,119.43
26-06-2017,118.29,118.540001,118.169998,118.360001
27-06-2017,118.87,119.050003,118.480003,118.809998
28-06-2017,119.06,119.059998,118.690002,118.900002
29-06-2017,117.97,118.639999,117.910004,118.32
30-06-2017,118.08,118.410004,117.949997,118.019997
03-07-2017,116.54,116.849998,115.940002,116.089996
05-07-2017,115.91,116.669998,115.870003,116.519997
06-07-2017,116.58,116.610001,116.239998,116.470001
07-07-2017,115.78,115.790001,114.800003,115.279999
10-07-2017,115.02,115.57,114.830002,115.470001
11-07-2017,115.26,115.769997,114.879997,115.620003
12-07-2017,116.21,116.330002,115.870003,116.029999
13-07-2017,116.04,116.040001,115.669998,115.82
14-07-2017,117.04,117.25,116.639999,116.769997
17-07-2017,117.42,117.529999,117.230003,117.290001
18-07-2017,117.99,118.330002,117.879997,118.110001
19-07-2017,118.18,118.269997,117.839996,118.080002
20-07-2017,117.92,118.620003,117.660004,118.239998
21-07-2017,119.00,119.389999,118.75,119.260002
24-07-2017,119.52,119.580002,119.18,119.309998
25-07-2017,118.99,119.32,118.790001,118.919998
26-07-2017,118.57,120.150002,118.550003,119.879997
27-07-2017,120.10,120.139999,119.279999,119.790001
28-07-2017,120.15,120.860001,120.139999,120.690002
31-07-2017,120.50,120.809998,120.449997,120.75
01-08-2017,120.44,121.139999,120.440002,120.650002
02-08-2017,120.51,121.019997,120.339996,120.400002
03-08-2017,120.31,120.830002,120.309998,120.589996
04-08-2017,119.97,120.040001,119.220001,119.650002
07-08-2017,119.43,119.790001,119.43,119.510002
08-08-2017,120.02,120.120003,118.970001,119.860001
09-08-2017,121.02,121.550003,120.760002,121.309998
10-08-2017,122.08,122.440002,122.029999,122.209999
11-08-2017,122.24,122.830002,122.029999,122.790001
14-08-2017,121.98,122.239998,121.68,121.919998
16-08-2017,120.66,122.059998,120.660004,121.870003
17-08-2017,122.29,122.610001,121.760002,122.489998
18-08-2017,123.37,123.540001,122,122.300003
21-08-2017,122.54,122.980003,122.5,122.760002
22-08-2017,122.56,122.559998,121.849998,122.209999
23-08-2017,122.58,122.690002,122.309998,122.669998
24-08-2017,122.39,122.639999,122.129997,122.290001
25-08-2017,122.77,123.019997,121.290001,122.739998
28-08-2017,123.33,124.730003,123.330002,124.690002
29-08-2017,125.81,125.870003,124.050003,124.419998
30-08-2017,124.33,124.620003,124.160004,124.360001
31-08-2017,124.58,125.839996,124.550003,125.82
01-09-2017,126.01,126.169998,125.120003,126.059998
05-09-2017,126.65,127.779999,126.57,127.459999
06-09-2017,127.34,127.440002,126.550003,126.809998
07-09-2017,127.56,128.320007,127.389999,128.130005
08-09-2017,128.21,128.300003,127.589996,127.970001
11-09-2017,126.74,126.940002,126.050003,126.190002
12-09-2017,126.03,126.589996,125.940002,126.559998
13-09-2017,126.40,126.449997,125.5,125.610001
14-09-2017,125.66,126.440002,125.620003,126.160004
15-09-2017,125.99,125.989998,125.410004,125.529999
18-09-2017,124.71,124.760002,123.970001,124.360001
19-09-2017,124.49,124.650002,124.029999,124.620003
20-09-2017,124.68,125.059998,123.150002,123.620003
21-09-2017,122.56,123.07,122.489998,122.68
22-09-2017,123.03,123.389999,122.93,123.239998
25-09-2017,122.78,124.660004,122.709999,124.529999
26-09-2017,123.57,123.809998,122.900002,123.139999
27-09-2017,122.04,122.510002,121.879997,121.980003
28-09-2017,122.04,122.480003,121.830002,122.209999
29-09-2017,122.29,122.300003,121.550003,121.580002
03-10-2017,120.72,121.099998,120.699997,120.830002
04-10-2017,121.21,121.269997,120.709999,121.169998
05-10-2017,121.15,121.239998,120.400002,120.519997
06-10-2017,120.26,121.209999,119.779999,121.089996
09-10-2017,121.64,122.110001,121.550003,122.080002
10-10-2017,122.62,122.970001,122.360001,122.400002
11-10-2017,122.57,122.879997,122.029999,122.790001
12-10-2017,122.84,123.040001,122.5,122.889999
13-10-2017,123.66,123.860001,123.339996,123.82
16-10-2017,123.82,123.970001,122.57,122.970001
17-10-2017,122.03,122.32,121.730003,122.129997
18-10-2017,121.71,121.940002,121.550003,121.669998
19-10-2017,122.20,122.550003,122.110001,122.389999
20-10-2017,121.68,121.980003,121.389999,121.610001
23-10-2017,120.98,121.900002,120.959999,121.800003
24-10-2017,121.26,121.709999,120.980003,121.330002
25-10-2017,121.31,121.589996,120.839996,121.349998
26-10-2017,121.16,121.160004,120.220001,120.330002
27-10-2017,120.38,120.989998,120.209999,120.900002
30-10-2017,120.38,121.470001,120.379997,121.129997
31-10-2017,120.82,120.839996,120.379997,120.669998
01-11-2017,120.98,121.550003,120.839996,121.110001
02-11-2017,121.29,121.959999,121.050003,121.190002
03-11-2017,121.36,121.43,120.18,120.620003
06-11-2017,120.72,121.849998,120.68,121.650002
07-11-2017,121.51,121.559998,120.779999,121.209999
08-11-2017,121.95,122.25,121.589996,121.629997
09-11-2017,121.85,122.410004,121.730003,122.129997
10-11-2017,121.99,122.110001,120.940002,121.129997
13-11-2017,121.43,121.550003,121.269997,121.309998
14-11-2017,120.90,121.910004,120.769997,121.559998
15-11-2017,122.13,122.360001,121.25,121.410004
16-11-2017,121.45,121.709999,121.290001,121.400002
17-11-2017,122.15,123.169998,121.949997,122.860001
20-11-2017,122.30,122.410004,121.040001,121.309998
21-11-2017,121.67,122,121.5,121.510002
22-11-2017,122.26,122.949997,122.169998,122.629997
24-11-2017,122.36,122.610001,122.220001,122.32
27-11-2017,123.26,123.330002,122.669998,122.830002
28-11-2017,123.05,123.169998,122.529999,122.809998
29-11-2017,122.24,122.330002,121.739998,122.040001
30-11-2017,121.44,121.699997,120.639999,121.099998
01-12-2017,120.94,122.43,120.739998,121.589996
04-12-2017,121.15,121.199997,120.839996,121.18
05-12-2017,120.10,120.510002,119.720001,120.32
06-12-2017,120.04,120.440002,119.870003,120.07
07-12-2017,119.01,119.239998,118.099998,118.489998
08-12-2017,118.49,118.919998,118.330002,118.480003
11-12-2017,118.37,118.540001,117.800003,118.010002
12-12-2017,117.65,118.169998,117.400002,118.150002
13-12-2017,118.19,119.349998,118.010002,119.169998
14-12-2017,119.10,119.290001,118.709999,118.93
15-12-2017,119.41,119.5,118.970001,119.18
18-12-2017,119.63,119.989998,119.599998,119.730003
19-12-2017,119.67,119.900002,119.529999,119.82
20-12-2017,119.98,120.360001,119.809998,120.139999
21-12-2017,120.07,120.449997,120,120.309998
22-12-2017,120.67,121.139999,120.57,120.940002
26-12-2017,121.55,121.870003,121.510002,121.769997
27-12-2017,122.00,122.339996,121.879997,122.230003
28-12-2017,122.82,122.919998,122.559998,122.849998
29-12-2017,123.70,124.089996,123.459999,123.650002
02-01-2018,124.66,125.18,124.389999,125.150002
03-01-2018,125.05,125.089996,124.099998,124.82
04-01-2018,124.89,125.849998,124.739998,125.459999
05-01-2018,124.93,125.480003,124.830002,125.330002
08-01-2018,125.20,125.32,124.900002,125.309998
09-01-2018,124.49,124.860001,124.230003,124.730003
10-01-2018,125.17,125.309998,124.720001,125.029999
11-01-2018,125.37,125.660004,125.25,125.440002
12-01-2018,126.01,127.129997,125.809998,126.959999
16-01-2018,126.60,127.18,126.400002,127.169998
17-01-2018,126.77,127.220001,125.900002,126.139999
18-01-2018,126.13,126.519997,125.800003,125.860001
19-01-2018,126.57,126.730003,126.410004,126.419998
22-01-2018,126.51,126.75,126.279999,126.650002
23-01-2018,126.53,127.349998,126.339996,127.279999
24-01-2018,128.39,129.259995,128.229996,128.830002
25-01-2018,128.69,129.509995,127.360001,127.970001
29-01-2018,127.58,127.629997,126.919998,127.349998
30-01-2018,127.91,127.919998,126.739998,126.800003
31-01-2018,127.45,127.849998,126.400002,127.650002
01-02-2018,127.18,128.149994,127.080002,128.070007
02-02-2018,126.81,126.849998,125.959999,126.389999
05-02-2018,126.82,127.309998,126.440002,126.709999
06-02-2018,126.54,126.550003,125.220001,125.379997
07-02-2018,125.48,125.769997,124.410004,124.790001
08-02-2018,124.92,125.440002,124.510002,124.980003
09-02-2018,124.65,125.139999,124.389999,124.769997
12-02-2018,125.19,125.82,125.110001,125.370003
13-02-2018,125.67,126.18,125.519997,126.080002
14-02-2018,126.47,128.589996,126.290001,128.229996
15-02-2018,128.43,128.570007,127.940002,128.380005
16-02-2018,128.30,128.699997,127.57,127.959999
20-02-2018,127.28,127.400002,126.040001,126.239998
21-02-2018,126.36,126.760002,125.440002,125.660004
22-02-2018,125.92,126.370003,125.879997,126.300003
23-02-2018,126.06,126.300003,125.849998,126.139999
26-02-2018,126.45,126.620003,126.18,126.449997
27-02-2018,126.06,126.150002,124.589996,125.129997
28-02-2018,125.09,125.459999,124.809998,125
01-03-2018,124.15,125.309998,123.580002,124.720001
02-03-2018,125.67,125.690002,124.970001,125.389999
05-03-2018,125.35,125.480003,124.959999,125.18
06-03-2018,126.20,126.959999,126.129997,126.529999
07-03-2018,126.22,126.290001,125.419998,125.720001
08-03-2018,125.69,125.699997,125.129997,125.419998
09-03-2018,124.94,125.690002,124.779999,125.540001
12-03-2018,125.04,125.57,124.839996,125.540001
13-03-2018,125.67,125.989998,125.050003,125.779999
14-03-2018,125.49,125.760002,125.339996,125.699997
15-03-2018,125.12,125.209999,124.720001,124.900002
16-03-2018,124.84,124.870003,124.209999,124.599998
19-03-2018,124.57,125.160004,124.419998,124.870003
20-03-2018,124.41,124.550003,123.959999,124.309998
21-03-2018,125.40,126.760002,125.029999,126.480003
22-03-2018,126.09,126.339996,125.639999,125.980003
23-03-2018,127.82,128.059998,127.610001,127.610001
26-03-2018,128.05,128.580002,128.009995,128.279999
27-03-2018,127.23,127.620003,127.050003,127.489998
28-03-2018,126.48,126.610001,125.510002,125.730003
29-03-2018,125.42,125.809998,125.309998,125.790001
02-04-2018,126.65,127.540001,126.379997,127.260002
03-04-2018,126.54,126.589996,126.010002,126.300003
04-04-2018,127.50,127.529999,126.32,126.449997
05-04-2018,125.45,126.080002,125.43,125.800003
06-04-2018,126.57,126.599998,126.129997,126.389999
09-04-2018,126.45,126.860001,126.230003,126.82
10-04-2018,127.02,127.309998,126.669998,127.120003
11-04-2018,128.09,129.470001,127.779999,128.110001
12-04-2018,127.25,127.339996,126.470001,126.620003
13-04-2018,127.07,127.75,127.029999,127.449997
16-04-2018,127.74,128.050003,127.57,127.629997
17-04-2018,127.02,127.779999,127,127.75
18-04-2018,128.32,128.539993,127.75,127.849998
19-04-2018,127.81,127.879997,127.129997,127.599998
20-04-2018,126.69,126.970001,126.550003,126.629997
23-04-2018,125.62,125.760002,125.339996,125.620003
24-04-2018,125.78,126.339996,125.669998,126.230003
25-04-2018,125.23,125.510002,125.059998,125.410004
26-04-2018,125.54,125.57,124.690002,124.970001
27-04-2018,125.20,125.620003,125.169998,125.5
30-04-2018,124.41,125.199997,124.190002,124.589996
01-05-2018,123.90,123.980003,123.389999,123.709999
02-05-2018,123.90,124.540001,123.580002,123.650002
03-05-2018,124.66,124.760002,124.239998,124.279999
04-05-2018,124.10,124.650002,124,124.540001
07-05-2018,124.50,124.699997,124.300003,124.57
08-05-2018,124.14,124.949997,123.790001,124.589996
09-05-2018,124.45,124.870003,124.239998,124.330002
10-05-2018,125.22,125.370003,124.75,125.18
11-05-2018,125.57,125.589996,124.940002,125
14-05-2018,125.16,125.209999,124.440002,124.489998
15-05-2018,122.82,122.82,122.129997,122.480003
16-05-2018,122.38,122.610001,122.029999,122.290001
17-05-2018,122.23,122.43,122.040001,122.360001
18-05-2018,122.05,122.650002,122.010002,122.410004
21-05-2018,122.16,122.529999,121.970001,122.480003
22-05-2018,122.70,122.739998,122.339996,122.410004
23-05-2018,122.14,122.739998,122.110001,122.540001
24-05-2018,123.10,123.82,123.080002,123.589996
25-05-2018,123.66,123.699997,123.209999,123.209999
29-05-2018,122.84,123.639999,122.660004,123.190002
30-05-2018,123.17,123.610001,123.169998,123.370003
31-05-2018,123.26,123.779999,123.099998,123.099998
01-06-2018,122.58,123.089996,122.440002,122.489998
04-06-2018,122.85,122.93,122.370003,122.370003
05-06-2018,122.55,123.230003,122.279999,122.849998
06-06-2018,123.08,123.349998,122.629997,122.919998
07-06-2018,122.96,123.150002,122.690002,122.860001
08-06-2018,123.08,123.120003,122.910004,123.010002
11-06-2018,123.10,123.419998,123.019997,123.230003
12-06-2018,122.95,123.18,122.639999,122.82
13-06-2018,122.84,123.339996,122.470001,123.190002
14-06-2018,123.63,123.860001,123.32,123.379997
15-06-2018,122.18,122.199997,120.830002,121.339996
18-06-2018,121.35,121.440002,120.989998,121.110001
19-06-2018,120.81,121.029999,120.580002,120.800003
20-06-2018,120.79,120.809998,120.160004,120.260002
21-06-2018,119.92,120.32,119.82,120.050003
22-06-2018,120.21,120.400002,120.099998,120.339996
25-06-2018,120.00,120.230003,119.830002,119.889999
26-06-2018,119.28,119.589996,119.089996,119.260002
27-06-2018,118.96,119.050003,118.480003,118.580002
28-06-2018,118.59,118.669998,118.010002,118.220001
29-06-2018,118.43,118.940002,118.260002,118.650002
02-07-2018,118.18,118.209999,117.400002,117.459999
03-07-2018,118.41,119.080002,118.379997,118.650002
05-07-2018,118.92,119.330002,118.769997,119.050003
06-07-2018,118.97,119.029999,118.730003,118.860001
09-07-2018,119.65,119.730003,119.139999,119.150002
10-07-2018,118.89,119,118.610001,118.93
11-07-2018,118.45,118.529999,117.620003,117.639999
12-07-2018,118.00,118.260002,117.940002,118.129997
13-07-2018,117.62,117.75,117.449997,117.610001
16-07-2018,117.51,117.629997,117.279999,117.550003
17-07-2018,116.72,116.93,116.120003,116.279999
18-07-2018,116.03,116.349998,115.830002,116.309998
19-07-2018,115.13,116.470001,115.120003,115.809998
20-07-2018,116.40,116.709999,116.239998,116.559998
23-07-2018,116.25,116.309998,115.760002,116
24-07-2018,116.22,116.43,115.910004,116.040001
25-07-2018,116.79,116.839996,116.269997,116.68
26-07-2018,116.24,116.510002,115.769997,115.769997
27-07-2018,115.92,116.239998,115.769997,115.830002
30-07-2018,115.80,116.019997,115.639999,115.650002
31-07-2018,115.47,116.349998,115.389999,115.989998
01-08-2018,115.63,115.699997,115.129997,115.139999
02-08-2018,115.17,115.230003,114.419998,114.519997
03-08-2018,115.09,115.529999,114.860001,114.919998
06-08-2018,114.56,114.720001,114.309998,114.330002
07-08-2018,114.85,114.940002,114.419998,114.589996
08-08-2018,114.75,114.949997,114.410004,114.910004
09-08-2018,115.02,115.120003,114.690002,114.739998
10-08-2018,114.81,115.230003,114.610001,114.690002
13-08-2018,113.81,113.809998,112.830002,112.959999
14-08-2018,113.25,113.480003,112.839996,113.07
16-08-2018,111.46,111.879997,111.099998,111.099998
17-08-2018,111.69,112.150002,111.379997,112.129997
20-08-2018,112.38,112.739998,112.160004,112.690002
21-08-2018,112.77,113.099998,112.440002,113.019997
22-08-2018,113.39,113.489998,113.07,113.269997
23-08-2018,112.68,112.879997,112.059998,112.199997
24-08-2018,113.25,114.419998,113.209999,114.160004
27-08-2018,114.12,114.779999,114.120003,114.589996
28-08-2018,114.76,114.870003,113.550003,113.68
29-08-2018,114.16,114.209999,113.849998,114.199997
30-08-2018,113.92,113.93,113.239998,113.639999
31-08-2018,113.72,114.059998,113.440002,113.510002
04-09-2018,112.75,113.07,112.610001,112.93
05-09-2018,113.36,113.440002,113.120003,113.32
06-09-2018,113.89,114.260002,113.279999,113.540001
07-09-2018,113.26,113.599998,112.970001,113.230003
10-09-2018,113.26,113.43,113,113.150002
11-09-2018,112.65,113.370003,112.419998,113.220001
12-09-2018,113.12,114.389999,113.059998,114.169998
13-09-2018,114.72,114.779999,113.580002,113.760002
14-09-2018,113.79,113.900002,112.910004,113.019997
17-09-2018,113.60,114.029999,113.550003,113.610001
18-09-2018,113.79,113.910004,113.279999,113.440002
19-09-2018,113.94,114.150002,113.68,113.879997
20-09-2018,114.21,114.370003,113.860001,114.269997
21-09-2018,112.87,113.68,112.790001,113.489998
24-09-2018,113.68,113.959999,113.43,113.470001
25-09-2018,113.75,113.889999,113.57,113.650002
26-09-2018,113.11,113.599998,112.660004,113.050003
27-09-2018,112.10,112.419998,111.849998,112.050003
28-09-2018,112.16,113,112.07,112.760002
01-10-2018,112.40,112.620003,112.150002,112.57
03-10-2018,113.87,114.050003,113.260002,113.419998
04-10-2018,113.83,114.190002,113.260002,113.480003
05-10-2018,113.81,114.099998,113.57,113.800003
08-10-2018,112.25,112.589996,111.900002,112.540001
09-10-2018,112.37,112.669998,111.970001,112.599998
10-10-2018,112.47,112.959999,112.25,112.879997
11-10-2018,114.20,116.040001,114.089996,115.779999
12-10-2018,115.58,115.709999,115.080002,115.230003
15-10-2018,116.12,116.529999,115.889999,116
16-10-2018,116.49,116.599998,115.800003,115.800003
17-10-2018,115.89,116.330002,115.68,115.790001
18-10-2018,115.83,116.410004,115.629997,115.919998
19-10-2018,116.23,116.239998,115.959999,116.010002
22-10-2018,115.57,115.779999,115.43,115.709999
23-10-2018,117.16,117.25,116.330002,116.389999
24-10-2018,116.38,116.720001,116.110001,116.660004
25-10-2018,116.58,116.730003,116.190002,116.400002
26-10-2018,116.83,117.650002,116.459999,116.769997
29-10-2018,116.41,116.540001,115.839996,116.309998
30-10-2018,115.85,116.040001,115.639999,115.800003
31-10-2018,114.89,115.169998,114.660004,115.150002
01-11-2018,116.33,117.07,116.18,116.629997
02-11-2018,116.61,116.980003,116.389999,116.650002
05-11-2018,116.28,116.669998,116.230003,116.370003
06-11-2018,116.44,116.529999,115.739998,116.040001
07-11-2018,116.26,116.349998,115.900002,116.029999
08-11-2018,115.77,116.150002,115.5,115.779999
09-11-2018,114.60,114.75,114.139999,114.480003
12-11-2018,114.01,114.050003,113.580002,113.660004
13-11-2018,113.72,113.93,113.419998,113.699997
14-11-2018,113.53,115.059998,113.459999,114.639999
15-11-2018,114.83,114.989998,114.559998,114.769997
16-11-2018,115.83,115.879997,115.370003,115.620003
19-11-2018,115.45,115.919998,115.370003,115.669998
20-11-2018,115.94,115.949997,115.370003,115.669998
21-11-2018,115.94,116.349998,115.860001,115.860001
23-11-2018,115.76,115.879997,115.589996,115.769997
26-11-2018,115.84,115.870003,115.529999,115.639999
27-11-2018,115.55,115.629997,114.599998,114.949997
28-11-2018,114.76,116.07,114.589996,115.379997
29-11-2018,115.97,116.239998,115.559998,115.739998
30-11-2018,115.42,115.660004,115.040001,115.540001
03-12-2018,116.60,116.769997,116.300003,116.410004
04-12-2018,117.37,117.389999,116.93,117.120003
06-12-2018,117.38,117.690002,116.919998,117.139999
07-12-2018,117.62,118.230003,117.540001,118.089996
10-12-2018,117.70,117.940002,117.419998,117.68
11-12-2018,117.67,117.889999,117.349998,117.540001
12-12-2018,117.70,117.949997,117.610001,117.790001
13-12-2018,117.54,117.620003,117.260002,117.529999
14-12-2018,116.63,117.300003,116.580002,117.059998
17-12-2018,117.37,118.029999,117.349998,117.870003
18-12-2018,117.85,118.199997,117.809998,118.150002
19-12-2018,118.24,118.959999,117.400002,117.43
20-12-2018,119.11,119.739998,118.68,119.239998
21-12-2018,119.19,119.25,118.57,118.720001
24-12-2018,119.57,120.139999,119.57,120.019997
26-12-2018,120.62,121,119.57,119.660004
27-12-2018,120.57,120.900002,120.139999,120.57
28-12-2018,120.80,121.080002,120.720001,121.059998
31-12-2018,120.98,121.260002,120.830002,121.25
